retirobaixo,tresmarias,queimado,sobradinho,itaparica,pamx,xingo,serradamesa,canabrava,saosalvador,peixeangelical,lajeado,estreito,tucurui
138,940,50,4676,4870,4932,4932,1049,1191,1344,2537,3777,5821,17342
145,1932,115,4805,4550,4470,4470,1426,1600,1797,3360,5450,8515,21530
408,1858,153,6630,6537,6506,6506,2515,2803,3166,7219,11227,18399,33299
357,1189,48,7333,7298,7283,7283,1604,1768,2023,3937,6332,12467,34674
163,687,42,4467,4942,5075,5075,782,861,988,1904,3065,6045,15184
112,472,39,2397,2478,2507,2507,577,632,703,1398,2049,3738,8611
89,380,37,1870,1905,1918,1918,429,466,521,1065,1484,2760,5939
74,312,34,1619,1647,1656,1656,326,352,394,829,1097,2023,4259
55,375,31,1448,1453,1456,1456,327,350,382,781,980,1746,3282
70,385,40,1376,1358,1356,1356,486,522,576,1025,1422,2196,3305
77,469,58,1935,1905,1890,1890,690,750,846,1684,2551,3822,6500
101,579,53,2207,2121,2100,2100,718,801,906,1789,2692,4185,8461
269,1134,116,4036,3811,3729,3729,1219,1343,1481,2575,3837,5754,14002
128,959,69,4531,4681,4726,4726,1529,1701,1917,3247,5105,7743,20596
111,655,51,3214,3329,3369,3369,1090,1207,1379,2357,3706,6381,21638
62,409,39,1976,2079,2113,2113,656,711,790,1258,1907,3914,15967
48,316,34,1425,1449,1460,1460,339,366,415,687,1035,2133,9897
61,273,29,1292,1311,1317,1317,229,246,272,474,666,1393,6661
58,215,26,1176,1190,1193,1193,169,181,200,361,488,1020,4338
45,172,23,995,1009,1014,1014,127,184,147,276,348,676,2701
34,161,27,905,912,914,914,158,170,185,363,537,946,2227
28,322,42,982,947,938,938,371,393,418,732,991,1451,2805
100,593,61,2107,1835,1742,1742,658,698,748,1226,1706,2329,5383
181,1344,46,3594,3525,3500,3500,898,972,1053,1643,2536,3367,9547
409,1994,90,5014,4911,4880,4880,1420,1545,1691,2531,3969,5571,14644
232,809,31,5516,5837,5908,5908,1389,1535,1727,2626,4187,6692,20569
179,686,90,3429,3481,3502,3502,1164,1286,1441,2363,3753,6959,20535
125,534,43,2692,2788,2817,2817,1072,1177,1315,2123,3375,6857,21021
122,371,27,1905,1986,2013,2013,449,480,544,806,1291,3174,14045
111,286,28,1357,1372,1378,1378,319,341,370,554,793,1851,7065
91,246,25,1250,1266,1270,1270,229,244,267,413,570,1338,4267
82,208,24,1072,1092,1098,1098,177,187,202,319,417,989,2982
59,200,22,915,927,931,931,216,229,235,354,436,950,2121
74,318,34,1194,1090,1059,1059,379,402,419,596,674,1122,2069
82,435,77,1799,1770,1757,1757,809,883,964,1913,2399,3462,5477
307,1388,81,3336,3076,3002,3002,1469,1635,1825,3622,4907,7289,10382
245,1343,41,6110,5967,5915,5915,1467,1618,1846,3415,5240,8537,17635
100,486,51,4222,4749,4893,4893,1405,1545,1766,3432,5589,9939,16561
74,520,38,2298,2582,2831,2831,1114,1240,1474,2668,4985,9669,20002
66,380,39,1615,1664,1688,1688,995,1076,1219,1939,3420,7194,18642
58,279,28,1785,1808,1808,1808,365,389,461,782,1415,3999,14158
46,199,23,1167,1202,1215,1215,255,270,302,499,808,2043,6959
46,168,21,997,1008,1013,1013,188,198,222,379,573,1391,4206
43,147,19,897,911,915,915,140,147,162,290,411,1021,2877
41,179,21,799,1017,1027,1027,247,263,282,449,551,1141,1460
45,150,21,877,1011,1012,1012,195,202,215,355,449,1058,2282
62,337,32,905,898,905,905,509,547,599,1029,1420,2352,2693
74,584,75,1605,1550,1539,1539,789,911,1035,1962,2771,4538,7555
296,1258,64,4519,4258,4175,4175,1552,1792,2046,3635,5261,8013,18637
384,1835,93,5442,5564,5685,5685,2452,2838,3214,5764,7937,11390,26391
214,987,119,5408,5917,5991,5991,2337,2663,3007,6391,8767,13444,26625
263,1036,91,4716,4645,4609,4609,2133,2449,2798,5797,8242,13617,33864
148,636,41,3740,4183,4390,4390,1108,1254,1429,2574,4181,8461,22756
82,447,40,2010,2080,2106,2106,640,732,813,1481,2109,4201,12155
61,357,37,1557,1588,1599,1599,479,545,601,1118,1494,2764,6649
57,296,38,1237,1268,1278,1278,361,404,443,847,1118,2133,5059
53,240,32,1055,1074,1081,1081,323,357,384,749,914,1665,3792
43,299,46,1079,1061,1055,1055,490,538,580,1052,1242,1973,3785
64,344,76,1178,1179,1179,1179,889,955,1034,1702,2222,3451,5634
183,629,94,2585,2329,2242,2242,1302,1410,1544,2488,3360,4982,11497
133,437,51,2696,2803,2849,2849,1113,1220,1355,2193,2876,4223,15010
131,441,94,2664,2606,2563,2563,1556,1717,1921,3413,4820,7346,19607
191,814,89,4174,4132,4114,4114,1620,1788,2039,3638,5636,8806,28211
100,625,60,2764,2940,3023,3023,1214,1333,1536,3182,5051,8874,24722
73,335,37,2109,2190,2212,2212,513,549,638,1184,2201,4731,17514
52,228,34,1300,1338,1352,1352,343,367,410,752,1190,2565,8396
44,193,32,1092,1109,1116,1116,254,271,301,576,851,1796,5218
34,169,30,934,950,956,956,208,220,241,471,649,1368,3690
34,229,26,861,869,871,871,249,261,278,474,600,1232,2550
45,211,31,887,936,996,996,259,284,317,604,750,1418,2786
103,611,46,1597,1467,1420,1420,482,524,575,1088,1408,2342,4350
158,784,65,2724,2607,2567,2567,714,776,847,1639,2218,3361,7832
226,1643,63,4643,4526,4477,4477,863,962,1046,2025,2767,4265,12287
443,1683,60,5598,5601,5572,5572,1130,1240,1358,2469,3401,5743,16827
129,690,57,4242,4652,4772,4772,1057,1165,1294,2578,3590,6194,18042
94,504,57,2888,3247,3389,3389,878,975,1092,1934,2756,4915,20521
98,487,38,2237,2451,2464,2464,435,475,537,1007,1450,2897,14545
66,321,29,1454,1495,1511,1511,246,268,294,530,719,1482,7127
52,252,25,1231,1255,1263,1263,171,185,202,381,487,967,4456
44,199,24,1036,1052,1057,1057,129,139,151,300,368,773,2882
36,165,21,900,918,925,925,99,106,111,251,286,585,1446
39,394,44,920,885,878,878,467,497,519,879,1084,1874,1998
149,1052,59,2395,2174,2099,2099,900,977,1063,1848,2667,4225,5489
279,2421,83,4703,4502,4435,4435,1532,1709,1946,3690,5912,8782,12477
331,1729,39,6307,6203,6164,6164,1346,1496,1708,3424,5375,8748,18545
312,1207,46,4237,4594,4712,4712,1454,1576,1733,2951,4479,7659,18514
233,926,72,3850,4005,4019,4019,1121,1210,1354,2358,3660,6847,20786
169,597,25,2372,2484,2504,2504,630,678,783,1375,2516,5160,20133
155,470,24,1613,1719,1749,1749,307,325,369,648,1145,3073,12507
113,351,24,1419,1439,1445,1445,231,243,270,470,730,1718,6575
95,280,21,1157,1177,1183,1183,172,180,198,357,523,1165,4158
97,267,19,1033,1035,1038,1038,130,136,149,281,386,872,2879
92,240,17,956,969,972,972,164,170,179,287,356,722,1956
123,324,27,914,903,900,900,243,253,268,446,591,1318,2018
182,694,36,1538,1372,1321,1321,363,381,402,706,905,1806,3519
373,1576,117,2957,2961,2909,2909,962,1011,1049,1775,2168,2937,7902
438,2379,84,5096,5135,5102,5102,1913,2049,2160,3302,4118,5169,13751
420,1946,89,5897,5913,5871,5871,1866,1987,2133,3303,4440,6541,19886
213,825,49,4891,5465,5585,5585,1264,1362,1501,2307,3192,5729,16084
187,649,38,2156,2235,2263,2263,949,1011,1095,1491,2085,3900,16815
132,488,32,1627,1652,1663,1663,465,490,537,744,1016,1972,10949
105,359,33,1258,1299,1313,1313,323,339,360,512,627,1175,5891
97,308,31,1107,1118,1122,1122,270,287,306,460,559,1316,4168
85,253,25,1035,1045,1048,1048,170,177,188,286,335,863,3092
84,224,31,936,946,949,949,246,258,269,482,583,1045,2109
105,370,34,1285,1259,1244,1244,561,599,644,990,1417,2245,3430
85,393,44,1020,1025,1029,1029,856,936,1033,1528,2257,3700,5484
167,676,39,1707,1676,1666,1666,877,980,1084,1590,2203,3595,7900
195,1100,157,3103,3165,3106,3106,1825,2010,2158,3331,4393,6420,14993
249,1377,146,4739,4872,4757,4757,3665,4093,4461,7270,9582,12077,27636
301,1349,105,5500,6516,6548,6548,3827,4247,4828,8264,12273,17227,36894
136,530,52,4297,4960,5086,5086,1641,1849,2142,3395,5721,10561,31303
104,367,47,1914,2096,2139,2139,1066,1186,1304,1921,3029,5247,15938
86,269,43,1416,1479,1496,1496,745,827,908,1377,2019,3304,9032
73,218,41,1187,1205,1211,1211,547,602,659,1022,1426,2344,6086
59,184,39,1055,1076,1082,1082,437,476,517,810,1087,1809,4609
62,177,41,861,873,879,879,517,563,606,922,1131,1791,3542
89,272,48,926,920,918,918,551,606,661,1075,1257,1892,3947
256,1043,77,2138,1802,1700,1700,875,961,1047,1905,2513,3809,6948
319,1321,95,3793,4134,4189,4189,1206,1346,1495,2582,3640,5667,12581
364,1820,80,5004,4946,4857,4857,1436,1588,1716,2638,3848,6241,17835
193,905,42,4423,4848,4930,4930,1609,1743,1894,3067,4268,6723,18794
221,924,87,4132,4671,4864,4864,1783,1912,2071,3516,4885,7638,20709
217,1158,79,4791,4903,4862,4862,1324,1419,1583,2834,4394,7003,23171
118,515,34,2721,3113,3234,3234,467,489,562,941,1598,3150,13461
101,342,33,1658,1711,1725,1725,350,369,399,665,987,1742,6768
96,295,38,1423,1433,1437,1437,283,296,318,551,766,1350,4394
76,220,29,1260,1294,1305,1305,194,201,217,395,536,1023,3390
87,220,36,1022,1027,1030,1030,260,272,282,462,557,903,2216
88,304,54,1137,1087,1079,1079,437,467,505,938,1401,2392,2956
98,361,58,1670,1636,1609,1609,649,897,761,1345,2118,3962,7284
280,1097,82,2315,2321,2305,2305,864,948,1034,1860,2752,4925,11802
363,1595,99,4624,4502,4410,4410,1096,1236,1378,2677,3698,5802,17833
192,896,126,4420,4742,4819,4819,1762,1994,2214,4927,6375,9087,25025
259,1276,51,5277,5290,5217,5217,1582,1783,1918,3539,4846,7814,35058
139,674,70,3360,3711,3810,3810,1073,1181,1322,2313,3095,5536,24601
107,397,40,2274,2411,2442,2442,445,480,542,998,1360,2814,15899
85,297,38,1547,1583,1595,1595,313,336,366,684,837,1532,8811
74,236,35,1300,1323,1331,1331,231,246,269,523,622,1124,5562
60,190,31,1117,1135,1142,1142,171,182,194,392,439,791,3998
64,211,52,1024,1020,1018,1018,477,519,547,1012,1080,1575,2880
102,304,34,1324,1308,1300,1300,492,538,579,1066,1223,1882,5642
174,827,90,2274,2045,1986,1986,811,890,954,1792,2275,3413,7847
331,1603,182,5170,5173,5082,5082,1700,1882,2022,4076,5331,7438,18128
651,3257,206,6185,6306,6287,6287,3173,3497,3858,8069,11869,15826,35804
420,1853,95,9469,9340,9206,9206,2566,2876,3261,6658,9984,15426,44250
604,1590,193,7966,8616,8744,8744,2579,2828,3128,6226,9387,15261,35691
213,885,94,5097,5555,5632,5632,1563,1694,1910,3547,5916,10134,33234
149,613,66,2881,3032,3083,3083,671,727,821,1588,2554,4765,21110
126,474,64,2113,2158,2174,2174,512,553,599,1195,1748,3035,10195
98,400,59,1774,1808,1820,1820,379,407,443,910,1269,2221,7063
96,346,52,1522,1539,1545,1545,290,309,334,709,936,1650,5452
86,294,47,1290,1319,1329,1329,300,320,338,694,844,1510,3424
101,378,63,1394,1343,1329,1329,487,535,576,1111,1389,2058,4706
99,684,126,2205,2071,2042,2042,1044,1153,1245,2372,2896,3817,8374
323,1566,132,5150,5130,5045,5045,1656,1830,2007,4133,5504,7409,17314
210,783,57,6328,6451,6403,6403,1308,1447,1622,3025,4414,7133,19585
375,1394,122,4864,5102,5146,5146,1803,2018,2240,3974,5306,7759,20796
270,1101,100,4749,5179,5231,5231,1490,1616,1779,3088,4281,7076,22547
156,744,65,3729,4003,4032,4032,948,1029,1149,2210,3123,6478,21231
114,416,46,2518,2658,2692,2692,433,463,519,912,1325,3172,12141
93,318,47,1738,1772,1783,1783,356,379,408,714,916,1976,6730
79,270,39,1468,1493,1502,1502,247,261,287,532,670,1458,4484
67,221,35,1278,1296,1302,1302,188,198,215,416,503,1107,3138
56,182,31,1102,1122,1129,1129,144,151,161,328,374,819,2167
68,213,40,962,963,967,967,404,425,445,800,957,1797,1499
96,389,52,1651,1670,1638,1638,539,566,603,1098,1565,2765,4767
159,914,161,3848,3709,3604,3604,1322,1430,1524,2865,3858,5286,10448
326,1340,148,5632,5701,5678,5678,2778,3103,3437,6628,9084,11060,26607
322,2116,141,6944,7019,6972,6972,2849,3234,3680,7109,10585,14271,32657
240,1395,229,7973,8198,8193,8193,3601,3948,4255,7976,10458,14846,29184
213,1684,177,7150,7561,7572,7572,3524,3875,4250,7929,10014,15155,30879
129,819,72,8764,9073,9046,9046,1689,1876,2132,4317,6060,10727,22924
110,582,71,3939,4417,4580,4580,976,1073,1165,2139,2867,5274,14345
89,461,68,2591,2659,2683,2683,717,785,840,1553,1934,3278,7249
73,348,62,2078,2119,2133,2133,543,596,637,1210,1462,2466,5063
64,298,58,1703,1735,1746,1746,463,500,529,1032,1201,1927,3864
80,354,90,1978,1869,1831,1831,847,921,995,1864,2535,3775,5220
126,959,107,3267,3098,3043,3043,1556,1690,1817,3122,4295,6252,10298
292,2172,144,5593,5446,5398,5398,3037,3250,3436,5303,6862,9845,16825
314,2485,146,7284,7077,7008,7008,2774,2980,3227,5709,7247,11088,23025
139,1094,85,10080,10782,10823,10823,2066,2222,2416,4222,5429,9183,21393
181,1409,122,4595,4721,4787,4787,1775,1899,2043,3732,4755,7953,19604
146,1212,65,5591,5595,5586,5586,1139,1190,1279,2114,2854,5473,20167
99,622,62,3581,3794,3866,3866,662,692,745,1251,1641,3273,12629
83,449,49,2453,2528,2554,2554,389,403,430,739,924,1831,8439
70,356,48,2009,2040,2051,2051,285,294,309,547,641,1198,5120
57,282,40,1724,1756,1766,1766,218,224,235,431,486,906,3386
53,267,38,1497,1507,1510,1510,236,243,251,478,533,945,2372
79,327,36,1518,1533,1538,1538,258,270,282,483,540,852,1992
117,658,52,2171,2036,1973,1973,527,553,590,1132,1603,2810,2985
135,730,62,3769,3854,3866,3866,645,675,708,1324,1933,3514,5547
240,1417,92,3749,3754,3740,3740,1195,1252,1329,2254,3498,5802,10186
235,1698,86,5142,5101,5059,5059,1691,1807,1965,3106,5199,8034,17521
428,2228,151,5706,6242,6156,6156,2378,2493,2786,5570,10415,18020,23180
177,1307,68,7283,8013,8024,8024,1542,1672,1924,3585,6636,13285,32076
116,626,42,4318,4827,4980,4980,651,700,818,1483,2929,6617,16482
93,456,40,2353,2422,2446,2446,489,524,586,1082,1908,3988,7632
82,383,38,1942,1968,1978,1978,377,401,446,839,1365,2850,4882
75,301,47,1626,1663,1676,1676,416,446,484,901,1268,2423,3873
92,362,40,1613,1606,1603,1603,284,303,331,694,956,1915,3431
79,387,70,1436,1432,1431,1431,524,564,599,1161,1510,2538,3072
90,598,111,3112,3099,3028,3028,850,930,1002,1978,2631,4098,7723
230,1269,142,4248,4252,4201,4201,1307,1439,1560,3384,4654,7172,10656
206,1431,62,6343,6264,6233,6233,1381,1506,1657,3521,5033,8701,16679
233,1075,65,4520,4693,4753,4753,1345,1454,1591,3002,4258,7614,16748
248,1043,135,5422,5659,5652,5652,1757,1901,2052,3621,4968,8513,21290
119,577,52,4016,4304,4383,4383,978,1064,1205,2119,3311,6734,22611
84,331,44,2210,2287,2317,2317,481,511,562,906,1316,3025,12126
77,276,44,1846,1872,1879,1879,381,405,433,706,918,1840,6255
64,213,40,1581,1606,1614,1614,279,294,317,533,674,1375,4181
50,178,34,1359,1384,1392,1392,210,220,235,410,501,1055,2905
44,152,35,1207,1209,1212,1212,228,246,262,457,544,1086,2155
54,217,41,1323,1259,1241,1241,339,357,367,630,729,1344,2256
164,648,67,1504,1435,1426,1426,732,811,851,1427,1643,1834,2896
502,1549,234,5155,4813,4682,4682,2926,3365,3646,6585,7450,8906,15553
487,1975,103,7850,7589,7507,7507,1917,2140,2464,4418,6671,11036,22654
760,3273,145,9219,9304,9317,9317,2799,3077,3367,6106,8599,13901,25576
324,1701,68,13034,12939,13111,13111,1635,1818,2055,3517,5283,9917,25246
221,1329,112,7136,7926,8133,8133,1154,1301,1467,2425,3378,7094,20732
150,730,74,3499,3650,3706,3706,624,684,756,1233,1704,3877,13266
128,529,53,2589,2665,2695,2695,377,409,443,755,1005,2233,7072
99,430,50,2155,2195,2208,2208,276,298,322,563,713,1568,3826
82,341,45,1820,1851,1862,1862,202,216,231,425,520,1185,2566
69,273,40,1547,1573,1582,1582,166,177,188,355,411,985,1719
85,391,55,1464,1416,1408,1408,273,300,320,546,611,1288,1541
106,560,69,2929,2893,2820,2820,483,550,603,1066,1298,2396,3766
247,1029,69,2944,2915,2928,2928,803,900,993,1644,2265,3571,6012
303,922,82,4451,4659,4666,4666,691,794,898,1647,2173,3716,7373
320,1485,79,4716,4674,4619,4619,870,982,1070,1857,2495,4133,9275
202,1109,96,3461,3623,3678,3678,1366,1531,1683,2954,4111,7308,14375
148,786,54,3784,3985,3990,3990,834,972,1102,1861,3115,7596,16639
110,504,35,2620,2771,2808,2808,378,411,474,797,1444,3777,13227
88,379,34,1742,1775,1787,1787,231,251,276,489,835,2278,5707
74,291,31,1515,1536,1543,1543,168,181,199,368,584,1613,3399
58,230,28,1305,1332,1340,1340,139,149,162,311,455,1203,2569
56,209,31,1076,1093,1100,1100,124,135,147,290,395,1123,1996
69,277,44,1266,1261,1250,1250,207,222,236,414,581,1173,2349
218,787,41,2138,1949,1890,1890,528,563,603,1075,1507,2129,3558
254,1216,61,4127,4148,4109,4109,699,733,786,1209,1980,3370,6461
246,1055,54,4179,4447,4454,4454,966,995,1044,1423,2417,4199,10746
414,1442,38,4156,4207,4200,4200,1037,1067,1113,1426,2131,3414,14125
399,1385,98,4439,4757,4774,4774,1332,1371,1432,1992,2754,4243,13093
305,1433,40,4855,4990,4972,4972,1152,1201,1301,1943,3142,5727,17253
161,642,32,2522,2747,2823,2823,533,553,612,831,1400,3711,11885
124,479,26,1846,1888,1901,1901,421,433,449,595,896,2193,6477
98,378,24,1487,1515,1525,1525,302,309,325,439,623,1456,3501
82,304,22,1276,1295,1302,1302,240,246,257,355,476,1080,2250
69,251,21,1103,1123,1129,1129,234,239,251,330,413,894,1602
71,274,24,1027,1025,1025,1025,207,213,220,347,427,1121,1472
56,268,25,942,967,975,975,230,236,238,357,437,1041,1715
143,542,53,1641,1461,1405,1405,663,716,764,1433,2017,2777,3917
267,989,48,3310,3280,3262,3262,434,530,597,1168,1756,2998,9216
449,2030,46,4717,4649,4574,4574,621,697,747,1441,1893,2740,7738
413,2716,93,5792,5904,5873,5873,1697,1879,2057,4149,5480,7229,16885
210,1236,35,6938,7209,7205,7205,611,658,786,1743,2856,6447,17636
131,655,21,3257,3607,3735,3735,420,453,493,925,1658,3906,13181
117,461,22,1971,2020,2038,2038,244,262,295,541,870,2114,5691
89,407,21,1605,1642,1654,1654,172,184,201,392,583,1405,3162
72,331,20,1312,1338,1348,1348,135,142,154,317,439,1050,2048
72,357,24,1192,1179,1172,1172,127,134,142,324,416,1054,1580
69,285,22,1136,1169,1183,1183,137,144,150,296,383,903,1542
118,575,67,1782,1599,1535,1535,339,356,358,727,792,1350,2141
177,812,85,3393,3380,3389,3389,992,1048,1122,2131,3158,4973,6195
105,366,52,3563,3954,4049,4049,436,466,542,1012,1971,4950,10716
170,530,70,1792,1776,1773,1773,489,528,564,989,1573,4693,7199
144,736,97,2684,2640,2626,2626,806,866,924,1549,2257,4719,10319
169,755,73,3741,3925,3897,3897,799,845,906,1383,2022,4253,13675
87,365,32,1934,2089,2154,2154,347,364,406,589,910,2222,9076
68,258,33,1308,1344,1357,1357,253,265,281,404,576,1327,3925
56,202,32,1108,1124,1129,1129,198,205,218,322,433,977,2278
47,164,30,972,987,993,993,167,173,183,281,356,745,1657
48,163,35,858,866,870,870,148,154,159,271,381,990,1392
61,242,35,1161,1083,1059,1059,308,322,336,587,773,1643,2347
126,537,68,1411,1467,1463,1463,460,476,483,839,1006,2157,3649
194,1029,166,3189,2990,2908,2908,1042,1085,1137,2030,2835,4608,6608
111,521,82,4405,4777,4839,4839,811,868,945,1677,2629,4846,13507
167,701,122,2779,2745,2714,2714,1423,1533,1634,3224,4313,6751,15275
90,354,73,2780,3127,3176,3176,554,597,685,1487,2216,5909,16335
127,466,47,2429,2532,2541,2541,759,807,853,1661,2536,5517,16927
76,300,46,1444,1473,1488,1488,299,314,357,621,1016,2887,12009
54,197,42,1201,1250,1266,1266,213,224,232,430,598,1573,6585
42,152,37,979,994,1000,1000,163,170,181,341,451,1119,3811
33,123,33,852,870,875,875,132,137,144,287,358,865,2186
29,108,30,715,728,733,733,122,126,133,252,317,763,1464
30,105,24,645,652,654,654,98,102,107,228,285,609,1269
82,389,68,880,815,797,797,251,260,254,486,630,1657,1999
119,439,94,3544,3412,3316,3316,1214,1275,1296,2118,2539,3671,8249
278,953,143,2310,2533,2608,2608,1126,1185,1251,2083,2651,5052,8339
141,570,70,4051,4180,4157,4157,1168,1253,1325,2252,3057,6062,14264
101,522,58,2165,2272,2313,2313,833,889,965,1638,2338,5287,12922
95,561,88,2616,2662,2624,2624,1014,1083,1149,2091,2796,5714,13512
62,216,37,1437,1576,1633,1633,324,339,386,628,948,2788,9827
59,183,38,1072,1087,1093,1093,271,283,293,462,582,1515,5046
40,136,35,900,916,922,922,191,198,208,342,425,1097,3023
31,107,32,788,802,806,806,157,163,170,286,339,847,2103
25,94,29,678,691,696,696,145,151,159,269,300,755,1675
53,212,59,661,627,623,623,248,260,265,495,575,1193,1522
84,395,64,1977,1877,1822,1822,396,421,433,856,1237,2537,3163
265,1359,100,3305,3181,3119,3119,1019,1079,1146,2443,3722,5867,5963
214,1006,52,5370,5427,5390,5390,943,1007,1124,2296,3926,7003,12167
123,610,81,2215,2556,2684,2684,432,462,520,1153,2174,6515,10102
190,986,87,4585,4516,4413,4413,1095,1170,1254,2811,4637,8353,17733
85,369,40,2543,2935,3057,3057,474,496,591,1149,2749,7391,15606
77,414,52,1773,1746,1738,1738,445,460,498,874,1823,4704,11890
77,348,37,1640,1664,1677,1677,309,317,352,537,984,2520,6755
57,229,32,1325,1398,1415,1415,193,199,221,387,664,1621,4131
49,205,28,1067,1084,1090,1090,160,164,178,310,492,1204,3044
48,187,26,903,924,931,931,133,136,149,269,394,1064,2511
39,179,40,841,837,837,837,210,222,225,397,462,1174,2303
60,287,89,1468,1298,1237,1237,902,986,1076,2101,3091,4667,7679
440,1139,139,3687,3635,3568,3568,1664,1872,2087,4103,5874,9310,18563
247,1472,162,5948,5968,5915,5915,2338,2557,2830,5476,7801,12085,31790
239,1113,176,7119,7268,7250,7250,2052,2281,2539,4778,6882,11624,30269
221,1355,190,6903,7502,7520,7520,2427,2673,2935,6075,9365,16068,40272
205,1450,126,7965,8336,8311,8311,1890,2106,2429,4880,7963,14004,49445
137,655,74,5817,6466,6592,6592,566,620,736,1421,2553,6066,26300
94,401,60,2769,2976,3036,3036,408,449,487,931,1484,3197,14245
78,324,52,2033,2079,2095,2095,287,313,346,683,1037,2275,7742
63,269,45,1644,1696,1709,1709,212,229,249,498,715,1663,5559
78,262,40,1373,1393,1400,1400,192,206,223,420,575,1465,4379
59,255,41,1522,1528,1528,1528,221,235,250,485,603,1345,4516
141,626,51,1416,1380,1359,1359,355,380,403,728,995,2137,3658
272,1403,96,4341,4234,4131,4131,867,934,976,1672,2179,3433,7943
164,759,74,3623,3921,3998,3998,1121,1213,1300,2345,3117,5205,14026
203,816,107,5212,5203,5108,5108,2320,2545,2803,5294,7486,10396,21384
137,676,75,3385,3721,3810,3810,1286,1389,1614,3311,5522,10452,21931
111,472,88,3104,3192,3202,3202,1379,1481,1615,3985,5853,9829,25589
98,347,59,2421,2541,2563,2563,821,860,952,1711,2658,5083,19070
73,271,49,1697,1733,1745,1745,375,395,441,906,1348,2720,9907
77,263,45,1413,1419,1424,1424,312,330,350,703,930,1949,4826
55,191,38,1421,1451,1457,1457,184,192,210,495,655,1383,3490
65,244,35,1128,1110,1111,1111,193,213,236,490,582,1364,2497
106,326,40,1518,1453,1426,1426,250,276,297,580,684,1502,2837
87,327,33,1838,1903,1916,1916,284,322,354,673,800,1500,3969
112,481,53,1798,1642,1599,1599,670,730,755,1257,1655,2580,5073
143,855,119,3601,3603,3573,3573,3206,3513,3863,6004,8899,10825,17774
97,584,61,3660,3898,3941,3941,1437,1545,1804,2795,5189,8965,27623
245,892,68,3495,3455,3397,3397,1475,1563,1756,2635,5116,8015,26688
93,423,47,2708,2976,3071,3071,790,836,947,1336,2630,5040,24679
63,269,37,1364,1416,1436,1436,371,393,445,624,1134,2638,14823
51,192,33,1139,1151,1156,1156,297,312,340,482,793,1961,7782
43,148,29,1015,1031,1036,1036,209,219,240,356,558,1284,4931
37,133,23,906,917,921,921,172,179,194,288,416,968,3228
32,119,19,820,829,832,832,133,141,155,250,339,858,2291
55,220,28,847,823,818,818,228,237,244,362,450,992,2284
95,521,69,1600,1533,1512,1512,527,552,585,916,1085,1729,3502
100,544,53,2711,2636,2625,2625,524,558,580,898,982,1466,5770
242,1202,67,3291,3248,3225,3225,1607,1746,1835,3006,3693,4758,10303
225,1239,62,5729,5775,5701,5701,2593,2783,2994,4512,6168,8503,22024
277,1489,89,6124,8862,9090,9090,2602,2790,3085,5253,8064,12943,28633
108,562,54,6060,7148,7453,7453,1475,1578,1773,2755,4701,8667,26989
87,343,44,2468,2619,2713,2713,650,692,783,1195,2039,3646,15595
70,252,36,1764,1838,1858,1858,444,471,514,810,1258,2357,8612
58,202,30,1388,1415,1423,1423,325,343,375,602,883,1787,4810
59,164,25,1151,1174,1182,1182,244,256,280,463,643,1400,2934
55,188,21,979,998,1004,1004,159,170,189,330,441,1149,2186
62,194,22,902,905,904,904,235,245,253,395,497,1182,2067
84,538,43,1076,1010,996,996,548,569,581,972,1100,1775,3410
239,1270,68,4172,3871,3758,3758,1129,1191,1276,2210,2998,4083,8203
592,2136,99,5755,5587,5530,5530,1518,1640,1812,3128,4693,7012,15344
607,2337,87,7765,7749,7722,7722,1838,2004,2221,3935,5923,9433,23407
414,1774,68,6407,6612,6675,6675,1274,1381,1565,2828,4334,7579,25078
202,761,45,3479,3778,3870,3870,768,823,902,1415,2112,4553,19787
154,590,45,2328,2376,2393,2393,704,751,815,1327,1820,2993,11752
110,372,35,1737,1791,1810,1810,322,342,391,662,922,1861,6119
89,277,30,1389,1414,1424,1424,240,253,275,489,624,1193,3487
74,202,25,1188,1207,1213,1213,208,217,236,429,521,946,2553
62,169,20,993,1015,1023,1023,165,172,192,364,432,786,1946
56,150,20,883,880,881,881,151,175,208,320,470,801,1621
79,315,21,1098,1056,1042,1042,216,250,281,419,600,1197,2037
94,590,50,1680,1539,1493,1493,601,685,697,987,1304,2245,3165
300,1402,70,3616,3440,3364,3364,943,1069,1109,1683,2312,3859,6720
311,1565,95,5406,5385,5374,5374,1152,1303,1397,2276,3323,5782,13121
168,1325,89,4433,4524,4547,4547,1551,1745,1882,2811,3784,6789,16635
98,638,49,3161,3466,3550,3550,645,735,812,1295,1953,4345,16527
83,401,42,2003,2047,2063,2063,422,484,533,816,1214,3144,9888
72,306,33,1476,1513,1526,1526,288,331,360,524,741,1687,4211
61,217,29,1260,1273,1280,1280,217,251,276,402,562,1211,2614
54,192,24,993,1043,1059,1059,163,189,216,322,460,1070,2001
58,196,23,844,830,845,845,142,165,190,286,409,1037,1794
77,285,37,1173,1104,1086,1086,278,321,334,475,649,1214,1948
128,575,44,1967,1882,1844,1844,394,459,495,723,965,2065,2885
480,1837,121,3057,2808,2732,2732,1225,1387,1503,2328,3098,4479,5571
256,1680,86,5658,5591,5568,5568,1250,1412,1546,2344,3362,5816,15237
210,1161,87,6556,6736,6747,6747,1320,1490,1636,2864,4079,7310,18315
116,569,52,3462,3854,3959,3959,679,773,886,1515,2427,5946,19080
76,334,45,1684,1746,1766,1766,490,560,635,1018,1539,4438,13466
64,248,37,1401,1446,1459,1459,354,406,484,818,1300,3605,10780
57,206,32,1119,1136,1142,1142,246,283,322,492,730,1946,5448
53,164,27,991,1002,1007,1007,192,223,254,383,558,1484,3753
48,165,23,898,912,916,916,149,174,203,310,452,1038,2840
40,154,18,801,809,811,811,118,138,169,266,398,857,2122
42,165,25,712,721,725,725,107,124,153,244,369,828,1775
56,212,32,946,872,850,850,272,313,338,487,669,1544,2245
40,163,33,1106,1162,1181,1181,398,455,502,780,1083,2425,2764
271,1175,104,3543,3389,3250,3250,2402,2681,2756,4845,6247,10384,14122
395,1686,87,7732,7972,7989,7989,2290,2568,2863,5464,8082,13851,27222
181,635,62,5284,5906,6056,6056,1000,1133,1348,2568,4142,8943,26347
107,333,47,2569,2843,3020,3020,734,834,1025,1998,3230,6828,21821
81,281,41,1566,1675,1702,1702,496,567,657,1094,1696,3844,13960
59,184,28,1166,1203,1216,1216,320,368,423,668,1018,2289,6685
61,214,31,1019,1027,1030,1030,242,280,322,496,740,1616,3799
48,155,25,924,943,949,949,181,210,246,381,570,1311,2636
38,119,26,734,750,755,755,124,145,183,297,460,1065,1963
69,368,36,878,830,814,814,259,298,348,545,777,1429,3072
161,705,61,2855,2625,2536,2536,574,657,792,1455,2223,2738,4988
259,1074,54,4250,4168,4130,4130,1045,1212,1354,2343,3549,5967,9210
384,1739,91,5188,5208,5208,5208,983,1128,1284,2295,3374,5287,10992
575,2545,67,5056,5031,5053,5053,1106,1263,1389,2365,3551,6044,15554
438,2504,89,5560,5487,5467,5467,1348,1503,1715,3214,4614,8603,20714
211,994,126,5836,6117,6250,6250,1276,1423,1709,3452,5501,10620,27347
156,628,35,2872,3078,3170,3170,643,739,845,1433,2276,4830,19620
111,390,39,1837,1899,1921,1921,411,480,542,854,1290,2742,8498
91,299,37,1510,1530,1537,1537,305,360,405,622,926,2006,4346
78,247,25,1269,1296,1306,1306,225,267,306,467,689,1593,3023
63,187,22,1053,1080,1089,1089,165,197,233,362,541,1326,2448
138,592,33,1430,1323,1294,1294,480,566,594,868,1171,2056,2767
214,886,51,2663,2544,2503,2503,748,867,924,1436,1929,3025,4475
248,1131,49,4170,4135,4135,4135,823,948,1132,2126,3413,4900,9054
598,2371,94,4402,4205,4210,4210,1041,1184,1367,2531,3771,6052,12681
414,1986,126,6188,6121,6098,6098,3591,3929,4193,6341,8155,11888,21641
285,1411,77,6708,6772,6788,6788,2025,2243,2475,4588,6665,9155,24546
173,785,63,4287,4896,5026,5026,965,1098,1333,2609,4127,6100,22346
138,587,52,2625,2731,2774,2774,649,780,842,1311,1974,3411,13244
107,440,42,1908,1969,1990,1990,413,489,546,848,1269,2389,6992
86,373,36,1513,1576,1580,1580,317,373,415,631,926,1739,3966
74,296,30,1330,1390,1402,1402,248,284,323,493,726,1304,2775
65,229,25,1081,1207,1213,1213,207,238,276,424,624,1172,2249
100,389,31,1200,1181,1170,1170,353,408,437,635,870,1458,2494
191,788,37,1911,1817,1788,1788,376,439,486,746,1070,2199,3602
264,1344,65,2532,2434,2408,2408,770,893,945,1502,2030,3793,5655
404,1932,58,5105,5052,5023,5023,755,866,973,1659,2624,4931,10164
377,1947,67,4685,4706,4693,4693,1078,1232,1460,2747,4106,6598,12990
239,1260,79,4016,4438,4455,4455,1119,1289,1463,2654,3973,8484,19060
154,873,61,3596,4490,4578,4578,847,958,1152,2177,3456,8727,21671
113,522,45,2453,2815,2863,2863,494,560,659,1121,1806,4548,14806
93,448,36,1537,1573,1586,1586,337,381,440,700,1071,2606,6791
82,367,30,1296,1318,1325,1325,249,288,333,519,780,1813,3675
66,279,24,1135,1150,1155,1155,184,211,256,410,630,1450,2544
56,257,21,968,983,989,989,146,159,210,356,570,1214,2047
74,286,19,887,895,899,899,168,183,228,377,597,1295,2070
193,919,40,1703,1522,1465,1465,398,469,583,1040,1607,2754,3381
242,1260,73,3911,3804,3770,3770,754,870,981,1765,2550,3983,5967
244,1333,45,5561,5491,5478,5478,652,754,919,1618,2650,5341,11094
201,1265,102,4444,4677,4871,4871,1254,1458,1717,3547,4968,8017,14290
193,1309,85,6495,6743,6702,6702,2125,2427,2789,5751,8739,14811,31792
130,655,60,5090,5480,5634,5634,886,1018,1171,2093,3247,6080,25773
88,431,44,2309,2478,2529,2529,516,600,694,1161,1819,4007,15861
76,334,37,1641,1672,1685,1685,359,422,484,770,1175,2488,7219
65,304,32,1430,1449,1456,1456,267,317,367,577,875,1831,3925
62,277,28,1307,1316,1319,1319,216,258,300,465,695,1464,2722
68,279,25,1238,1252,1254,1254,205,245,281,431,635,1281,2306
90,423,24,1298,1213,1199,1199,275,325,355,525,736,1483,2305
99,388,46,1760,1694,1675,1675,596,709,908,1889,2620,3681,3335
262,1154,65,4453,4329,4246,4246,1272,1473,1777,3748,5940,8737,14533
168,832,42,2837,3020,3209,3209,826,962,1168,2290,3567,5839,13201
138,825,64,3950,3845,4203,4203,1638,1850,2005,3469,5105,7805,17776
114,532,67,3851,3977,4531,4531,1383,1578,1797,3321,5139,8748,21762
84,359,41,2322,2522,2786,2786,666,769,892,1514,2389,5010,18974
65,269,35,1656,1686,1697,1697,514,599,704,1219,1920,3744,10365
64,263,27,1233,1263,1275,1275,354,415,455,708,996,2256,5059
53,214,23,1107,1121,1125,1125,251,298,344,569,790,1627,3214
47,144,19,987,1001,1006,1006,197,236,274,470,625,1260,2264
43,150,16,841,852,857,857,175,211,247,429,535,1126,1958
89,335,22,905,865,856,856,217,259,293,490,604,1290,2026
197,1174,75,2631,2295,2183,2183,793,895,963,1323,1673,2644,2991
270,1270,109,4879,4880,4842,4842,1452,1655,1817,3378,4523,5712,6717
289,1359,138,5959,6149,6132,6132,2369,2676,2901,5537,7720,10883,14143
180,987,79,6441,6442,6437,6437,1734,1960,2187,4054,6145,9612,21598
120,656,100,4717,5143,5226,5226,2177,2450,2682,4963,7286,11721,28261
109,596,67,2574,2650,2683,2683,1338,1505,1572,2432,3438,5614,21671
75,306,50,1899,2012,2051,2051,681,783,861,1331,1940,3610,14254
64,215,41,1428,1455,1463,1463,454,533,581,885,1242,2331,5623
58,207,36,1273,1282,1285,1285,348,416,451,688,911,1752,3317
53,201,31,1098,1115,1121,1121,272,329,360,561,706,1364,2411
63,297,31,1060,1060,1060,1060,260,312,337,523,627,1234,2046
92,445,39,1561,1495,1473,1473,385,457,492,758,975,1881,2520
137,610,50,2982,2781,2712,2712,687,811,879,1530,1963,3231,5194
101,328,42,2702,2844,2897,2897,529,635,711,1167,1721,3282,4994
64,221,32,1650,1713,1737,1737,468,564,615,974,1392,3078,5249
49,219,30,1436,1470,1474,1474,493,597,670,1120,1641,3688,7690
65,287,34,1755,1780,1759,1759,600,712,822,1523,2258,4415,10743
45,157,27,1407,1732,1733,1733,607,728,869,1575,2687,5640,15993
34,137,20,1122,1224,1266,1266,329,400,470,786,1385,3271,10748
43,64,16,913,913,913,913,241,291,337,557,838,1908,4696
31,58,14,827,837,840,840,182,222,258,429,600,1373,2816
24,95,12,722,732,757,757,152,184,217,371,500,1132,2138
33,155,11,743,742,742,742,150,187,214,375,463,1012,1871
62,332,27,1182,1080,1048,1048,312,378,398,619,790,1623,2210
206,832,58,2377,2180,2132,2132,1013,1171,1256,2063,2752,3853,4697
345,2143,130,6411,6118,6005,6005,1125,1304,1457,2650,4018,5678,8961
157,893,53,4959,5387,5516,5516,702,801,891,1465,2254,4159,10351
210,918,50,2886,2884,2885,2885,764,882,994,1695,2783,5499,14099
246,1075,50,3381,3404,3388,3388,977,1135,1273,2254,3565,6275,19361
142,749,59,2972,3017,3016,3016,844,977,1095,1901,2984,5677,18652
93,403,38,1785,1987,2049,2049,445,521,573,900,1335,2744,9671
75,305,31,1250,1279,1288,1288,316,375,414,642,903,1923,4496
75,299,27,1143,1128,1124,1124,246,294,325,509,682,1415,2806
56,242,22,1021,1062,1073,1073,196,233,264,425,565,1205,2252
52,264,18,863,866,867,867,167,198,229,377,501,1060,1992
99,559,27,1418,1299,1260,1260,388,446,463,682,866,1538,2101
200,1159,72,1969,1845,1816,1816,623,719,732,1068,1337,2186,2878
262,941,96,3790,3928,3899,3899,1744,1928,1988,3108,3924,4870,5533
338,1376,67,4644,4636,4630,4630,1111,1249,1367,2348,3604,5967,13033
286,1186,57,3784,3840,3847,3847,1115,1264,1348,2228,3282,5007,12484
300,1392,76,3607,3694,3650,3650,1628,1848,1961,2932,4358,7427,19310
166,935,62,4402,4685,4737,4737,1455,1647,1815,2875,4565,7882,24895
120,453,41,2054,2239,2302,2302,642,694,802,1322,2027,3935,15762
97,313,35,1443,1487,1502,1502,448,488,528,796,1199,2442,6648
87,279,30,1253,1269,1272,1272,361,421,445,650,891,1850,3971
68,239,25,1001,1029,1041,1041,272,318,340,510,665,1460,2964
63,201,22,836,846,851,851,223,258,279,427,552,1158,2159
91,570,49,1341,1203,1167,1167,673,786,783,1175,1408,2357,2933
172,1206,97,3233,3135,3089,3089,881,1023,1093,1772,2412,3743,5726
291,1200,81,4492,4419,4386,4386,975,1124,1346,2629,4048,6056,10779
327,1370,62,4561,4663,4657,4657,833,975,1142,2108,3316,5815,13023
192,717,46,3046,3645,3735,3735,811,984,1209,2442,4111,7135,20746
233,1085,117,3222,4348,4305,4305,2018,2415,2607,4819,7214,12087,29428
171,648,101,5184,6298,6335,6335,1611,1886,2159,4073,6622,11956,35006
116,396,70,2872,3386,3484,3484,866,1005,1175,2156,3681,7615,31611
99,338,54,1718,1775,1797,1797,552,649,724,1177,1778,3692,13951
84,282,44,1397,1415,1421,1421,409,488,530,823,1179,2523,6078
70,262,39,1233,1246,1252,1252,323,386,444,673,881,1936,3886
51,184,30,1046,1103,1113,1113,261,317,371,567,705,1661,3240
78,308,34,1116,1066,1048,1048,364,451,510,796,958,2056,3298
77,299,32,1868,1828,1816,1816,473,577,670,1156,1660,3193,4713
193,1035,38,2410,2405,2373,2373,648,781,897,1632,2533,4256,7399
313,1692,68,4301,4258,4206,4206,706,831,965,1794,3132,5594,11465
237,1184,45,4111,4114,4117,4117,1049,1248,1402,2614,4516,7921,20627
124,454,36,2392,2845,2921,2921,653,785,897,1560,3512,7086,20737
118,560,73,2446,2450,2415,2415,925,1093,1234,2191,4254,9161,24647
87,387,41,1924,2137,2201,2201,470,565,639,985,1886,4652,20504
64,285,33,1233,1271,1285,1285,328,401,464,720,1130,2730,8331
74,314,28,1133,1140,1319,1319,259,322,378,592,832,2185,4778
56,221,22,961,979,988,988,205,256,308,490,621,1617,3211
44,206,18,780,812,823,823,167,212,260,429,504,1291,2485
71,375,22,1033,907,873,873,325,397,454,710,787,1724,2479
172,734,34,2358,2221,2217,2217,532,647,745,1310,1701,2961,3935
163,728,26,2727,2806,2832,2832,552,668,759,1275,1868,3520,5869
104,497,29,2007,2088,2109,2109,504,611,694,1140,1826,3816,8177
124,494,40,1927,1970,1952,1952,780,938,1010,1667,2781,6179,12966
109,500,52,2107,2144,2160,2160,964,1124,1241,2032,3551,6599,16898
85,296,37,1765,1832,1847,1847,604,714,798,1206,2280,5119,17029
61,283,28,1037,1050,1058,1058,424,509,575,870,1553,3467,10644
53,177,22,1015,1034,1040,1040,283,348,403,609,930,2177,5709
61,126,18,796,820,828,828,219,272,324,508,646,1567,3361
55,144,15,772,767,766,766,179,221,270,440,525,1269,2436
91,294,15,985,898,874,874,213,254,304,497,555,1210,2111
125,314,15,1442,1470,1472,1472,292,370,439,741,1030,2247,3144
196,862,36,2187,1976,2025,2025,767,880,980,1715,2270,3540,4782
306,1591,87,4818,4663,4593,4593,1286,1417,1526,2523,3631,5314,9786
377,1307,98,4701,4855,5091,5091,1837,2077,2063,3379,4017,5862,14148
285,1102,91,5751,6136,6178,6178,2647,2936,3257,5538,8625,12938,28314
162,536,55,2163,2339,2398,2398,901,1038,1117,1653,3163,6010,25250
140,646,61,2131,2230,2294,2294,932,1106,1180,1753,3099,6084,22812
84,309,45,1797,1947,2068,2068,577,670,736,1078,2362,5625,21833
72,267,37,1294,1374,1378,1378,454,531,587,830,1340,2955,9764
58,186,30,1091,1152,1181,1181,332,401,451,636,919,2035,4977
46,181,24,955,959,962,962,260,317,365,532,690,1559,3221
56,195,21,912,910,910,910,254,307,348,505,612,1384,2540
44,172,24,1149,1147,1143,1143,346,420,448,559,1011,2154,3227
102,585,26,1477,1362,1335,1335,442,538,550,776,1282,2649,4264
141,828,53,2873,2780,2740,2740,954,1122,1191,2278,2999,4677,7391
370,1575,109,5872,5594,5466,5466,2657,3039,3076,5661,8113,11493,23599
214,935,90,5145,5337,5355,5355,1940,2306,2415,5085,7934,10763,24683
145,820,117,6259,6763,6863,6863,2331,2721,2798,6359,10149,15600,38648
132,558,111,4019,4149,4206,4206,1233,1451,1664,3492,5518,8630,30477
103,403,70,2490,2767,2810,2810,730,861,992,1625,2812,5551,22507
104,391,62,2221,2264,2273,2273,557,657,774,1190,1966,3482,10783
84,287,50,1526,1547,1558,1558,430,509,538,901,1345,2495,5552
64,249,41,1458,1482,1487,1487,328,394,425,717,997,1942,3940
60,208,34,1187,1206,1213,1213,274,332,354,615,798,1614,3021
75,302,39,1614,1470,1426,1426,366,427,467,788,1035,2001,3108
161,556,41,2055,2061,2063,2063,446,510,563,976,1203,2245,3739
221,1437,71,4045,3759,3655,3655,881,1001,1098,2258,3207,4719,6836
473,1675,183,5929,5982,5989,5989,3191,3511,3607,6185,8420,11773,18545
1024,4435,204,9409,8880,9213,9213,4071,4627,4786,8999,12850,19850,38816
417,1772,134,15676,16069,16102,16102,1924,2170,2329,4055,6633,10954,37530
252,1115,111,7174,7892,8160,8160,1226,1382,1508,2420,4456,7717,29531
204,718,79,3610,3820,3901,3901,745,856,938,1511,2352,4531,17502
164,534,68,2745,2802,2822,2822,586,670,759,1122,1629,3022,7583
135,439,58,2267,2282,2287,2287,447,518,553,877,1201,2283,4592
112,384,49,1949,1982,1995,1995,356,417,445,742,938,1887,3457
110,427,45,2034,1993,1981,1981,361,425,444,741,963,2013,3501
88,417,42,1992,2005,2018,2018,332,395,454,753,1009,2077,3705
215,723,58,3305,3219,3197,3197,524,614,635,1346,1819,3437,5336
409,1051,57,3333,3296,3309,3309,602,711,750,1533,1982,3763,6345
585,2682,142,6347,6114,6072,6072,2698,3078,3121,5324,6637,9303,16285
364,2274,201,9918,9946,9827,9827,6163,7012,7377,12561,15250,22600,36439
181,789,112,10490,11267,11431,11431,2568,2894,3108,4754,9653,16896,51539
335,1180,114,4684,4739,4781,4781,1634,1911,1980,2940,4874,7747,36165
136,543,83,3388,3697,3794,3794,877,982,1086,1739,2542,4353,17883
123,488,68,2359,2407,2423,2423,623,687,791,1253,1733,3042,8320
107,401,58,2220,2239,2244,2244,489,539,650,1018,1349,2412,5175
93,330,49,1875,1903,1911,1911,382,425,507,823,1065,1915,3892
81,280,45,1669,1687,1693,1693,375,428,464,760,910,1762,3328
69,232,36,1808,1786,1802,1802,358,437,467,756,950,1908,3477
121,600,48,2380,2257,2227,2227,656,795,864,1524,1843,3372,4642
347,1145,84,4856,4606,4524,4524,1541,1776,2405,4039,5927,8361,11201
446,1383,94,5974,5930,5911,5911,1946,2301,2840,5392,7377,10979,22414
246,659,64,4916,5304,5412,5412,1069,1248,1624,2730,4519,7851,24988
206,913,84,3817,4616,4765,4765,1475,1721,2334,3334,4796,8181,21461
138,588,105,5781,6213,6273,6273,1555,1739,2354,3476,5990,10300,27661
118,387,66,2728,2921,3003,3003,803,925,1062,1568,2297,3925,15823
108,371,55,2026,2061,2071,2071,611,716,804,1252,1692,2866,7534
79,253,44,1637,1677,1692,1692,463,549,594,915,1159,2160,4610
74,252,37,1509,1514,1515,1515,365,437,475,750,911,1764,3441
60,177,30,1342,1415,1419,1419,293,356,385,621,754,1431,2900
102,607,43,1960,1817,1779,1779,519,603,662,907,1149,1909,2956
323,1849,100,4448,4134,4042,4042,1168,1353,1580,2982,3769,5286,6470
359,2036,90,6170,6221,6218,6218,892,1042,1170,2411,3285,5037,11513
502,2877,174,6811,6841,6804,6804,3330,3771,4106,8383,10351,13012,21499
228,1783,113,7990,8097,8041,8041,1900,2113,2364,4493,7834,12523,33360
373,2504,170,7135,7582,7650,7650,1878,2098,2242,3689,6481,9605,31241
250,1455,133,6885,7191,7206,7206,1288,1428,1580,2708,4890,7534,29053
173,758,94,3678,4227,4334,4334,851,934,994,1517,2123,3870,18438
164,561,78,2536,2748,2771,2771,648,712,739,1175,1338,2560,9028
110,451,64,2131,2152,2159,2159,523,567,626,898,1021,2035,5053
97,352,56,1765,1801,1815,1815,428,476,494,774,840,1735,3606
72,319,49,1586,1662,1666,1666,396,446,451,786,797,1654,3190
117,492,49,1618,1712,1700,1700,472,559,555,926,954,1985,3621
127,460,43,1481,1733,1737,1737,497,605,622,1061,1197,2337,3935
226,1049,52,1701,1870,1880,1880,569,678,686,1165,1222,2513,4312
687,3009,146,5072,4873,4737,4737,1726,1880,2016,3777,4120,5763,9122
575,3744,164,7258,7728,7691,7691,4278,4446,4798,8280,10505,15085,28332
525,2382,130,9245,9752,9721,9721,1908,1983,2169,3947,5099,7823,24823
409,2095,103,6550,7326,7417,7417,1488,1621,1839,3248,4520,7154,26687
239,1287,80,4189,4828,4915,4915,870,949,1104,1518,1891,3245,13118
311,1062,66,2510,2764,2797,2797,629,721,764,1100,1294,2403,6212
152,747,56,2070,2146,2151,2151,471,578,610,857,958,1808,3890
134,487,46,1748,1939,1981,1981,372,470,510,726,769,1502,3031
148,531,32,1441,1536,1538,1538,337,428,470,624,644,1312,2588
188,957,39,2050,2011,1961,1961,419,531,568,820,853,1741,2826
300,1631,82,3720,3861,3801,3801,651,804,852,1381,1519,2609,4269
623,2496,93,5827,5861,5818,5818,1412,1553,1747,3089,3921,5610,9160
289,1422,80,6328,6688,6728,6728,1028,1165,1319,1992,3117,5120,12848
168,719,65,2999,3267,3363,3363,718,885,955,1553,2249,4327,13656
144,653,65,2686,2836,2840,2840,897,1036,1118,1901,3000,5630,15888
164,623,105,3469,4238,4230,4230,1008,1172,1260,2346,3956,7771,23821
103,394,57,1773,2077,2138,2138,531,644,673,1048,1649,3681,16580
80,304,46,1328,1469,1478,1478,383,466,476,762,987,2167,6326
72,212,38,1158,1302,1308,1308,299,374,417,629,725,1498,3600
73,189,35,1059,1171,1174,1174,250,316,356,547,593,1256,2694
109,351,37,1270,1393,1383,1383,268,339,362,578,604,1292,2593
83,329,35,1314,1493,1494,1494,378,437,459,751,724,1412,2531
118,415,29,1691,1841,1838,1838,354,430,475,783,921,1916,3545
360,1297,46,3888,3822,3731,3731,505,627,634,1159,1372,2456,4800
631,2545,71,5566,5864,5808,5808,2695,3080,3118,5040,5520,7561,13594
519,2243,58,7789,8467,8448,8448,2126,2394,2824,4799,6663,11786,30504
656,2117,93,6701,7563,7612,7612,1527,1737,2128,3335,5093,8617,29618
279,979,80,5015,7496,7766,7766,1263,1396,1676,2528,4326,9391,35024
178,656,56,2432,3337,3451,3451,717,868,937,1375,2327,5389,24771
134,467,44,1773,2061,2083,2083,527,629,652,965,1363,2975,9763
108,384,39,1423,1654,1664,1664,413,496,507,747,980,2188,4790
88,333,33,1259,1478,1478,1478,325,403,411,646,739,1697,3158
88,355,29,1235,1429,1430,1430,270,341,346,572,597,1418,2469
104,396,34,1636,1800,1798,1798,378,469,471,805,969,2219,3514
199,608,44,2148,2300,2287,2287,507,618,636,1166,1645,3536,5979
253,790,70,3265,3530,3491,3491,1539,1868,2056,3970,4517,6997,12165
428,2172,107,6332,6036,6020,6020,1886,2161,2497,5477,8370,14230,29459
303,1606,79,7556,7837,7886,7886,1507,1668,1936,3496,5662,9898,27188
211,876,64,4732,5301,5402,5402,1112,1250,1502,2828,4566,9219,29813
115,541,48,2140,2431,2638,2638,714,885,1011,1816,3441,6645,25953
109,444,42,1753,1802,1912,1912,532,640,711,1184,2046,4637,16524
83,337,33,1283,1336,1429,1429,393,472,515,826,1189,2740,7415
82,322,29,1230,1225,1329,1329,316,385,426,691,889,2055,4179
95,331,26,1230,1236,1312,1312,281,346,373,617,701,1680,2985
60,193,22,1128,1155,1249,1249,232,290,317,563,618,1504,2685
52,110,25,1056,1038,1061,1061,297,373,402,734,901,2308,3807
63,225,20,1117,1124,1198,1198,314,386,413,709,952,2381,4636
288,861,28,1872,1769,1855,1855,505,584,641,1083,1447,2927,5715
274,1360,34,3150,3157,3271,3271,696,844,912,1465,2165,4140,8857
178,826,46,2606,2649,2779,2779,611,703,763,1316,1977,3568,10240
223,619,58,2604,2654,2711,2711,996,1233,1358,2621,3963,7038,19172
173,799,47,2759,2909,3126,3126,710,863,1005,1881,3320,6651,20524
111,371,47,1701,1786,1879,1879,462,555,591,1137,1551,3369,10156
105,290,36,1159,1189,1260,1260,317,383,400,660,887,2005,4676
76,237,26,1071,1079,1160,1160,232,286,306,543,635,1493,2890
64,168,21,840,865,926,926,180,224,243,463,576,1217,2374
76,178,18,800,792,920,920,165,203,237,431,511,1050,2049
73,245,20,920,946,1014,1014,238,312,317,532,609,1337,2284
89,335,32,1325,1454,1431,1431,458,557,577,928,1139,2102,3278
451,1252,83,3709,3462,3434,3434,1260,1361,1663,3254,3974,5597,8311
324,863,74,5163,5413,5588,5588,978,1124,1362,2524,4059,6375,14198
426,1575,93,3829,3695,3712,3712,1304,1370,1497,2595,3936,6252,16394
345,963,105,4116,4554,4653,4653,1982,2158,2383,5272,7110,10454,25150
180,513,86,2843,3518,3594,3594,1053,1163,1310,2306,3768,6765,26624
113,321,63,1852,2173,2241,2241,606,726,763,1212,2016,3899,17987
91,246,50,1173,1288,1317,1317,474,568,576,867,1313,2403,7293
75,164,42,1033,1113,1109,1109,345,431,441,702,867,1736,3973
63,166,36,979,1118,1128,1128,268,346,354,581,709,1342,2887
51,136,29,767,1092,1106,1106,219,281,286,498,558,1097,2379
86,276,37,989,1067,1101,1101,351,447,528,727,781,1437,2503
113,319,48,1566,1702,1719,1719,469,595,623,1042,1569,2309,4468
171,644,68,2619,2587,2510,2510,874,1090,1297,3239,3958,5586,10681
144,737,71,3601,3841,3893,3893,928,1071,1215,2101,3374,5578,14562
182,813,71,2715,2685,2655,2655,833,990,1176,1958,3241,5472,16130
217,770,70,3018,3150,3193,3193,725,908,1032,1855,3478,6744,21284
101,297,46,1672,1904,2010,2010,514,630,675,1163,2745,6223,26042
73,218,35,1142,1385,1404,1404,377,469,528,853,1840,4438,19500
76,194,32,1030,1077,1080,1080,279,350,386,636,978,2335,7647
71,136,26,1013,1058,1068,1068,227,293,341,553,774,1750,4438
72,145,22,858,1005,1016,1016,198,257,310,505,625,1374,3255
64,151,20,893,932,940,940,207,254,307,499,575,1215,2789
101,216,22,996,964,980,980,282,324,344,598,660,1355,2867
153,497,70,1883,1754,1699,1699,624,807,910,1528,2004,3168,5780
376,1193,207,5073,5688,6032,6032,3823,4275,4569,8897,10978,13671,18684
286,1172,83,9467,9585,9620,9620,2322,2554,2889,5900,9542,14735,34638
140,569,54,3681,4171,4363,4363,1392,1590,1768,3128,4499,6438,23317
152,525,49,3101,3260,3313,3313,1285,1433,1712,3203,5384,8128,28219
116,329,37,1975,2127,2301,2301,878,1009,1149,1939,3124,5603,22082
98,266,37,1359,1410,1425,1425,658,800,851,1286,1944,3639,12244
70,179,30,1060,1109,1122,1122,467,560,622,941,1310,2368,6018
71,173,28,1130,1162,1144,1144,387,470,535,816,1041,1870,3971
65,134,23,987,1021,1081,1081,298,374,432,662,799,1429,2779
76,165,23,968,1068,1073,1073,330,410,469,729,763,1518,2791
61,153,34,984,1139,1189,1189,335,415,463,702,729,1537,3007
88,278,33,1355,1385,1411,1411,393,477,514,802,946,1921,3610
134,282,33,1617,1580,1618,1618,480,612,707,1180,1451,2815,5112
551,1817,43,3742,3420,3282,3282,1039,1190,1319,2444,3307,5876,11900
494,1636,74,5138,5351,5432,5432,1161,1278,1447,2609,4030,6510,16990
402,1389,118,4639,4868,4932,4932,1724,1969,2127,3975,5811,7527,20761
295,1300,109,5139,5262,5481,5481,1499,1654,1830,3244,5369,8896,27720
163,540,67,2340,2555,2727,2727,690,809,921,1387,2193,4293,21105
110,359,54,1470,1539,1613,1613,481,569,621,954,1280,2583,8940
87,273,44,1222,1251,1287,1287,362,444,481,753,966,2013,4150
76,215,34,1125,1159,1173,1173,281,359,391,625,846,1809,3039
79,242,28,1031,1026,1108,1108,248,322,361,547,736,1586,2510
124,367,31,1323,1320,1425,1425,295,373,379,581,760,1497,2636
169,442,59,2095,1872,1949,1949,408,512,559,981,1351,2172,3625
157,602,157,3057,3157,3271,3271,604,731,821,1272,2080,3303,6600
542,2043,214,4651,4693,4733,4733,1458,1703,1919,4283,4633,5692,10608
479,3606,294,9244,9301,9134,9134,3235,3615,3975,8514,12011,17468,32634
191,1328,120,12915,13633,13912,13912,1363,1454,1581,2484,4030,6170,24316
199,847,103,3754,4288,4732,4732,1198,1265,1418,2325,3555,5827,23288
234,641,80,2614,2809,3050,3050,716,841,923,1431,2110,3698,14035
145,394,63,1765,1886,1971,1971,514,601,642,1016,1323,2136,6200
89,324,54,1444,1498,1574,1574,401,477,502,820,1104,1688,3540
72,275,47,1283,1425,1450,1450,318,389,412,690,924,1384,2705
93,344,44,1384,1397,1465,1465,325,396,413,693,907,1356,2684
152,497,49,1860,1854,1925,1925,488,571,585,917,1105,1629,2863
320,1358,100,4269,4087,4069,4069,947,1041,1157,1898,1970,3120,4915
415,1495,105,4814,4863,5068,5068,2153,2327,2514,5081,6064,8117,12159
363,1164,84,5840,6053,6090,6090,1494,1537,1815,3073,4520,6760,15817
424,1452,121,4644,4734,4734,4734,1705,1718,1861,3369,4573,6652,17706
292,992,83,3943,4250,4405,4405,1131,1184,1372,2110,3457,5955,20617
216,805,81,2590,2620,2746,2746,784,886,1001,1560,2604,4521,17662
157,421,56,1801,1886,1965,1965,547,625,696,1128,1680,2972,10832
98,381,47,1439,1467,1486,1486,417,474,509,829,1152,1835,4773
71,270,38,1245,1269,1302,1302,323,378,406,680,802,1427,3092
66,237,32,1105,1143,1279,1279,274,324,348,596,665,1171,2417
71,248,28,981,1052,1130,1130,267,318,344,558,626,1121,2294
189,290,27,1214,1255,1295,1295,299,359,405,695,802,1456,2663
118,292,27,1180,1310,1372,1372,273,328,361,665,736,1487,3462
157,659,57,2046,1883,1897,1897,848,918,1007,1560,1744,2952,6030
515,2301,77,5366,5228,5144,5144,1228,1310,1601,2869,4275,6999,16167
182,681,51,4689,5056,5145,5145,949,1057,1212,2070,3160,6258,22095
347,1483,151,4993,4876,4887,4887,2157,2291,2472,4757,6624,10521,30618
210,649,86,4521,5037,5396,5396,1233,1295,1496,2792,4665,7705,28050
183,538,63,2154,2253,2376,2376,636,725,803,1258,1807,3284,15118
118,344,52,1470,1598,1718,1718,482,542,583,986,1221,2357,7106
100,296,45,1378,1411,1430,1430,380,436,472,775,939,1826,4392
82,230,36,1081,1131,1175,1175,288,341,372,627,702,1358,3010
64,194,29,1022,1104,1197,1197,224,269,291,526,593,1136,2475
64,209,23,782,914,933,933,233,279,292,515,567,1158,2506
90,358,38,989,956,991,992,437,519,566,942,954,1658,2916
264,762,69,3062,3084,3097,3097,759,864,970,1555,2182,3372,7580
175,488,74,2872,3052,3105,3105,1049,1154,1338,1968,2997,5235,14567
278,1316,74,3220,3086,2995,2995,1431,1504,1710,2831,4377,7047,22495
317,867,55,2837,3128,3237,3237,991,1107,1269,1954,3288,5769,23183
162,580,65,2587,2754,2837,2838,1313,1354,1551,2649,5099,8693,26856
137,411,50,1731,1835,1893,1893,750,862,982,1651,3120,6275,23639
102,272,36,1188,1377,1490,1490,497,559,606,959,1515,3073,11789
86,250,30,1087,1103,1122,1122,371,424,463,739,1016,2024,4972
65,172,23,851,960,1012,1012,277,327,357,600,753,1499,3380
65,127,19,672,762,811,811,224,268,292,516,620,1174,2424
110,245,20,895,930,955,955,251,299,321,565,678,1263,2512
135,528,47,1651,1690,1696,1697,415,495,528,934,1087,1982,4335
415,1187,71,3244,3123,3121,3122,1076,1187,1359,2176,2998,4912,9727
440,1486,51,4478,4682,4729,4729,977,1100,1281,2157,3610,5969,15655
229,639,39,2180,2392,2457,2457,682,777,867,1277,2071,4128,14471
225,659,55,2234,2201,2199,2200,849,983,1121,1721,2864,5366,17929
141,408,40,1593,1899,1986,1986,645,747,858,1334,2661,5634,19985
107,283,41,1184,1328,1382,1382,436,508,549,875,1531,3612,14106
90,197,28,934,1072,1079,1079,315,374,412,667,979,2081,5952
73,165,23,785,899,903,903,242,290,332,551,740,1455,3685
71,80,21,668,701,710,710,205,246,271,490,596,1152,2670
73,190,18,699,694,688,688,171,204,224,440,522,940,2029
68,204,23,730,825,824,824,263,306,353,596,709,1337,2603
313,1097,34,1702,1590,1549,1550,426,492,582,1136,1383,2327,4456
384,1272,37,3317,3460,3457,3457,483,537,592,1145,1704,2912,6223
986,3503,52,6202,6092,5991,5991,1481,1658,1837,3013,4591,6982,14595
280,1173,40,4622,5092,5241,5241,939,1059,1197,2002,3606,6231,20543
321,1375,58,4461,4397,4323,4323,2204,2622,2925,5166,7762,10961,29163
217,946,74,4053,4461,4612,4612,1768,1962,2237,4093,7291,11641,38026
158,575,52,2438,2582,2707,2708,868,958,1104,1769,3226,5765,26919
147,562,42,1747,1784,1804,1804,595,635,713,1136,1712,2965,10800
106,404,34,1294,1362,1394,1394,448,468,514,870,1197,2084,5855
87,358,28,1197,1220,1260,1260,323,337,360,687,877,1555,3769
100,254,24,1047,1054,1113,1113,321,340,362,676,790,1371,3065
94,338,23,1052,1062,1152,1153,338,377,399,741,842,1478,3003
114,428,31,1343,1300,1318,1318,394,447,553,852,1026,1765,3521
335,1637,47,3446,3120,3033,3033,708,799,874,1439,1894,3137,6356
291,1240,38,3343,3521,3574,3574,865,991,1085,1712,2388,3925,10514
311,1241,56,3360,3342,3346,3346,1164,1384,1468,2567,3699,5409,13700
168,770,42,3096,3285,3341,3341,856,991,1113,1910,3182,5650,18788
116,511,33,1536,1636,1686,1686,447,508,563,987,1566,2951,12956
92,457,27,1122,1226,1252,1252,286,344,436,671,966,2028,7242
109,379,23,950,974,983,983,204,301,326,527,664,1271,3772
68,256,19,838,839,851,851,162,229,238,446,537,955,2843
68,248,15,751,785,787,787,107,178,189,375,437,764,1779
42,196,12,620,660,719,719,137,180,207,373,409,763,1795
72,262,17,704,684,709,710,148,197,226,422,435,833,1950
151,681,54,1994,1852,1842,1843,614,680,744,1125,1240,2074,3622
153,698,73,3241,3209,3204,3204,879,959,1094,1739,2322,3737,7645
207,907,52,3013,3166,3196,3196,689,794,851,1519,2614,4685,12080
103,600,38,1827,1922,1957,1957,576,702,728,1185,1797,3163,12000
289,1637,71,4212,4005,3892,3892,884,1074,1179,2103,3541,6317,19483
117,533,36,2245,2595,2714,2714,330,395,491,781,1347,2871,15886
84,343,29,1201,1329,1336,1336,215,263,275,549,875,2255,12523
58,216,24,874,914,933,933,145,193,222,404,532,1309,4978
50,193,21,787,797,797,797,111,146,217,390,416,970,3168
42,106,17,663,689,697,697,97,136,161,339,361,764,2180
40,104,15,695,793,782,782,131,171,194,357,360,779,1928
49,133,18,570,597,619,619,159,191,247,418,411,870,2173
110,608,27,1601,1516,1479,1480,621,689,824,1360,1614,2858,4132
157,759,53,2990,3186,3223,3224,1375,1541,1766,3009,4333,6784,10716
255,1069,64,4169,4332,4364,4364,1806,2039,2172,3673,5800,9561,21775
380,2131,72,5271,5182,5092,5092,1724,1958,2161,3427,5617,9047,24716
242,1451,90,4455,4516,4530,4530,1766,1982,2179,3773,6338,10180,31339
140,688,56,3316,3676,3789,3789,856,943,1102,1830,3371,6142,27064
89,419,42,1730,1828,1855,1855,459,474,594,957,1638,3374,17942
71,310,34,1188,1231,1243,1243,339,373,457,722,1005,2087,6389
59,239,29,930,960,964,964,266,320,334,589,742,1608,4077
50,166,22,923,1011,1018,1018,206,249,269,480,553,1276,2993
73,240,25,918,936,934,934,223,244,320,531,644,1311,2560
48,112,17,703,806,852,852,164,213,256,443,515,1211,2660
140,570,35,1823,1717,1653,1654,699,759,835,1364,1729,2781,4661
252,915,72,3655,3668,3616,3616,1328,1416,1760,3305,4956,6810,11910
166,741,52,3158,3465,3553,3553,810,881,1033,1582,2739,4301,14410
68,322,36,1695,1803,1826,1826,600,699,842,1264,2267,4049,15222
98,445,55,1719,1795,1767,1767,979,1147,1360,2427,4161,6546,19585
46,215,35,1096,1326,1377,1377,553,615,724,1236,2507,4956,20827
39,158,27,845,847,862,862,322,362,396,726,1289,2755,10342
38,138,22,824,836,850,850,208,275,327,561,862,1878,5617
32,117,17,645,680,685,685,176,207,227,486,633,1386,3404
32,111,14,632,631,631,631,120,162,218,412,530,1118,2425
34,119,13,659,657,668,668,144,167,206,415,445,999,1867
51,199,16,714,750,737,737,315,365,409,663,835,1503,2453
94,428,45,1201,1156,1135,1135,599,642,729,1081,1647,2323,4228
183,796,46,2187,2171,2147,2147,981,1102,1261,1814,2990,4770,10002
292,1329,61,4440,5244,5244,5244,2084,2551,3004,6560,10290,13496,28259
361,1808,62,4761,4766,4766,4766,1741,1956,2166,3811,5582,8812,27856
200,961,48,3516,3671,3671,3671,1036,1132,1226,1961,2696,4903,23157
100,428,41,2234,2362,2362,2362,652,756,847,1567,2459,5645,21996
76,304,29,1074,1110,1110,1110,405,454,499,854,1249,3030,10766
58,233,24,883,894,894,894,300,331,359,572,809,1823,5139
51,187,20,851,847,847,847,239,265,287,460,652,1082,2927
42,112,15,644,662,662,662,163,184,202,342,497,733,2027
55,159,14,506,501,501,501,168,191,211,367,517,790,1791
38,86,9,665,672,672,672,139,159,176,316,464,868,2051
101,345,18,936,909,909,909,329,357,381,570,764,1423,3059
245,860,37,1871,1783,1783,1783,608,647,700,1110,1399,2207,4424
502,1656,52,4118,4087,4087,4087,1197,1319,1439,2375,3365,5057,10368
269,1178,41,4387,4574,4574,4574,1056,1188,1311,2272,3322,6316,16389
224,883,54,2737,2720,2720,2720,1140,1276,1416,2516,3621,7135,22076
131,488,57,2604,2712,2712,2712,919,1095,1256,2524,3961,7960,24613
80,327,37,1374,1406,1406,1406,425,485,542,983,1467,3344,13714
65,249,27,983,998,998,998,293,330,361,610,898,1841,5853
58,218,21,890,896,896,896,206,231,251,414,597,1124,3231
53,169,19,747,755,755,755,135,154,170,291,422,823,2279
44,151,19,680,687,687,687,167,185,199,312,424,678,1759
38,101,15,506,507,507,507,139,158,175,310,451,697,1796
65,220,21,843,823,823,823,283,311,340,568,780,1351,3525
163,718,25,1611,1582,1582,1582,340,381,419,718,1029,1592,5404
350,1288,78,3233,3017,3017,3017,1292,1427,1561,2627,3743,5566,12393
284,1791,167,5002,4910,4910,4910,2998,3354,3714,6551,9525,14799,34547
231,1838,126,6786,6771,6771,6771,1870,2183,2480,4895,7426,13651,36962
208,1050,115,5329,5422,5422,5422,1326,1504,1676,3061,4513,10629,33531
129,477,76,2737,2941,2941,2941,671,746,813,1374,1962,5360,18083
89,394,59,1493,1526,1526,1526,448,489,524,824,1139,2373,6992
79,332,47,1304,1316,1316,1316,321,351,375,588,811,1499,4075
62,261,43,1010,1027,1027,1027,230,252,269,425,588,1069,2872
42,195,37,899,905,905,905,201,221,232,357,487,868,2292
47,196,35,889,883,883,883,252,271,288,431,581,964,2395
50,210,38,1063,1044,1044,1044,330,360,386,607,838,1408,3541
218,1009,55,1841,1734,1734,1734,497,543,592,968,1363,2315,5879
340,1721,53,4123,4052,4052,4052,993,1072,1167,1857,2582,4141,9982
263,1247,82,4915,4988,4988,4988,1359,1525,1665,2875,4147,7420,19684
384,1617,129,4807,4912,4912,4912,1605,1874,2134,4230,6431,11046,28336
150,635,79,4044,4277,4277,4277,797,964,1118,2387,3720,7983,23957
145,552,59,2133,2276,2276,2276,449,535,608,1237,1897,5001,16628
104,397,45,1463,1480,1480,1480,298,339,377,688,1014,2167,6488
80,304,42,1185,1198,1198,1198,236,264,285,475,675,1276,3526
67,256,35,975,986,986,986,188,209,223,362,508,868,2217
80,244,30,984,981,981,981,137,155,164,271,382,680,1794
73,184,22,923,938,938,938,109,128,142,272,409,728,1923
192,718,44,1402,1306,1306,1306,403,429,462,691,932,1293,2646
302,1562,112,4442,4265,4265,4265,1237,1393,1539,2737,3995,5040,8956
173,774,72,4388,4545,4545,4545,692,847,998,2186,3598,6180,15822
184,712,67,2412,2405,2405,2405,792,872,952,1581,2180,5118,16088
219,1338,97,3631,3514,3514,3514,1216,1374,1533,2782,4020,7458,20294
125,689,94,4132,4368,4368,4368,1036,1259,1474,3170,5021,10695,31883
83,379,62,2229,2349,2349,2349,473,562,647,1321,2085,7039,25535
83,289,50,1297,1323,1323,1323,309,350,388,696,1043,2756,9152
58,252,44,1072,1083,1083,1083,228,255,280,480,703,1451,4245
40,213,36,1022,1021,1021,1021,195,214,232,374,526,973,2645
59,225,33,976,979,979,979,169,190,211,375,540,878,2142
64,410,48,1382,1305,1305,1305,419,448,479,726,943,1323,2739
129,656,54,2696,2673,2673,2673,629,680,732,1146,1579,2420,5558
319,2393,81,4062,3889,3889,3889,872,931,992,1469,1972,3043,7044
521,3022,80,5905,5832,5832,5832,1163,1235,1311,1918,2498,3952,9397
382,2456,130,6947,7242,7242,7242,2427,2650,2865,4629,6385,9902,23071
135,814,84,6765,7118,7118,7118,978,1109,1233,2163,3287,8136,26294
109,591,60,2547,2652,2652,2652,642,700,756,1197,1673,5718,20865
85,413,48,1482,1558,1558,1558,389,425,460,723,1027,3060,10671
65,331,40,1302,1299,1299,1299,265,287,310,477,670,1519,4699
51,276,34,995,1007,1007,1007,224,241,257,379,518,998,2795
45,221,28,996,1001,1001,1001,165,178,190,287,389,729,2003
33,172,21,727,744,744,744,129,142,154,247,350,608,1575
48,143,15,573,596,596,596,102,116,131,245,368,626,1592
64,257,20,614,615,615,615,310,329,344,515,614,911,2023
177,649,32,1588,1528,1528,1528,550,593,634,939,1302,1910,4188
306,934,33,1933,1972,1972,1972,605,620,623,941,1186,2918,6935
346,2251,46,4021,3907,3907,3907,1224,1350,1477,2380,3296,6945,15206
389,1530,56,4465,4594,4594,4594,1800,1949,2095,3207,4312,9107,22341
215,1142,55,3964,4953,4953,4953,1102,1239,1378,2405,3580,9621,26222
103,531,36,1901,2021,2021,2021,484,539,599,1006,1520,5942,18014
72,388,28,1127,1146,1146,1146,332,356,381,565,770,2323,6431
61,294,23,928,935,935,935,241,258,275,395,532,1246,3309
48,238,17,843,851,851,851,172,182,192,263,343,806,2149
55,256,16,669,674,674,674,107,117,127,201,281,640,1616
56,213,12,729,742,742,742,97,106,115,185,259,664,1613
92,447,23,945,853,853,853,402,430,448,721,890,1328,2498
410,1607,59,2303,2223,2223,2223,1271,1399,1523,2528,3539,4837,8195
510,2022,63,5409,5393,5393,5393,1224,1326,1426,2226,3050,4856,11590
407,1983,72,5072,5051,5051,5051,1120,1239,1358,2269,3264,6065,16510
231,1350,53,3542,3668,3668,3668,820,920,1018,1812,2631,6382,20368
247,1404,93,4254,4440,4440,4440,1300,1455,1605,2814,4033,8420,24776
122,632,60,2410,2634,2634,2634,636,779,929,1996,3249,8903,29984
98,453,44,1492,1540,1540,1540,409,464,519,930,1392,3814,12842
81,381,36,1236,1248,1248,1248,283,310,339,546,786,1739,5295
62,305,31,976,985,985,985,222,239,256,390,535,1055,2994
72,325,29,1019,1020,1020,1020,239,258,276,414,557,968,2500
173,463,34,1393,1335,1335,1335,537,560,573,821,946,1404,3111
136,456,46,2534,2536,2536,2536,728,811,899,1521,2259,3063,6061
275,1059,70,2730,2641,2641,2641,1271,1350,1413,2164,2804,4257,9674
277,845,72,3459,3538,3538,3538,1428,1613,1804,3114,4497,7257,18033
96,402,52,1939,1929,1929,1929,747,838,931,1646,2512,4930,18685
174,1002,65,2642,2607,2607,2607,1036,1163,1286,2280,3287,5900,19012
93,492,55,2701,2846,2846,2846,749,864,985,1825,2799,6301,24275
71,324,38,1289,1298,1298,1298,290,330,372,668,1010,2427,10400
55,252,31,1025,1047,1047,1047,222,241,260,410,582,1565,4778
46,186,25,815,833,833,833,181,197,214,339,474,1230,2793
35,118,20,690,698,698,698,146,159,172,266,370,993,1985
28,114,16,683,684,684,684,105,116,128,217,309,851,1579
48,274,18,831,828,828,828,211,223,232,365,469,1109,1892
136,777,26,1794,1705,1705,1705,652,692,729,1058,1353,2288,3524
186,1084,48,3086,3118,3118,3118,1157,1195,1222,1719,2192,3882,7061
309,1685,74,4656,4503,4503,4503,2433,2614,2798,4033,5308,8035,14158
84,505,48,2947,3241,3241,3241,1321,1447,1561,2601,3585,7511,21170
246,2218,93,4010,3797,3797,3797,2110,2353,2593,4456,6307,11037,29990
118,1059,75,5080,5291,5291,5291,1145,1326,1516,2854,4517,8642,28933
72,496,48,1881,2014,2014,2014,583,639,696,1118,1618,3654,20938
58,379,40,1232,1255,1255,1255,421,455,490,743,1025,2164,7093
47,305,33,1036,1071,1071,1071,322,345,369,546,746,1546,3956
37,226,26,804,815,815,815,186,204,223,349,494,1162,2458
27,153,19,737,742,742,742,124,135,146,226,317,926,1713
50,251,34,973,910,910,910,315,334,350,526,683,1476,2580
96,379,39,1272,1269,1269,1269,685,730,764,1186,1475,2723,5563
418,1766,71,3635,3412,3412,3412,1371,1488,1607,2518,3524,5536,10613
676,2796,87,5948,5892,5892,5892,2182,2417,2642,4525,6410,9800,20809
224,1062,76,5205,5401,5401,5401,1472,1637,1805,3036,4351,8121,25759
152,690,66,2120,2191,2191,2191,960,1088,1220,2182,3280,6843,24424
124,575,60,2114,2191,2191,2191,634,704,777,1304,1922,4173,16864
94,413,44,1251,1259,1259,1259,383,422,462,759,1093,2530,8721
82,415,35,1221,1238,1238,1238,324,348,374,556,764,1729,5017
59,275,28,904,935,935,935,221,239,257,384,529,1249,3078
45,206,24,755,762,762,762,130,143,156,253,360,953,1846
36,174,20,653,659,659,659,152,159,166,231,300,887,1588
33,146,17,554,559,559,559,250,255,262,300,340,973,1718
79,497,32,1559,1398,1398,1398,564,608,644,1050,1376,2414,3347
64,330,30,2143,2280,2280,2280,585,643,707,1122,1626,3362,7612
105,651,49,1662,1629,1629,1528,1393,1474,1535,2319,2866,5179,10249
136,1059,51,3586,3625,3625,3634,1143,1262,1398,2203,3290,6249,19272
89,596,51,1762,1803,1803,1832,921,1014,1101,1842,2522,5124,19329
103,679,63,2857,2783,2783,2734,873,988,1108,1957,2969,5929,23273
52,284,39,1383,1498,1498,1567,410,452,494,815,1191,2757,16107
57,324,36,1127,1133,1133,1134,399,427,456,660,890,1868,6547
38,200,26,843,853,853,859,256,273,291,418,562,1244,3733
30,142,20,755,761,761,764,173,186,199,290,394,995,2327
27,127,22,605,612,612,615,118,128,139,219,303,834,1846
42,197,24,671,683,683,654,224,239,252,373,488,1085,1998
35,277,28,903,868,868,843,314,332,345,524,676,1588,3806
151,945,54,2842,2653,2653,2506,1114,1256,1387,2524,3392,5061,8064
81,369,39,3420,3683,3768,3768,745,867,995,1907,3107,5637,16035
38,151,34,1280,1359,1384,1384,831,945,1052,1986,2858,6066,21054
45,200,59,1304,1294,1286,1286,1233,1416,1596,3029,4550,8504,28162
45,226,57,1738,1770,1760,1760,1047,1191,1340,2423,3651,6725,24994
34,124,40,1009,1080,1102,1102,531,590,651,1087,1613,3283,15733
34,100,33,695,708,714,714,324,357,392,638,924,1887,6486
34,94,26,767,772,767,767,230,252,275,435,617,1336,3440
36,94,22,679,708,714,714,147,161,176,282,403,1008,2214
19,58,18,634,674,675,675,127,140,152,257,363,916,1842
15,48,14,427,520,529,529,126,137,147,255,354,953,1885
30,171,24,770,799,773,773,375,407,435,710,958,1869,3289
73,506,36,2210,2155,2111,2111,853,944,1035,1715,2411,3688,6854
26,164,19,1133,1307,1366,1366,354,399,443,782,1164,2648,9473
89,559,28,1558,1421,1355,1355,827,898,963,1549,2097,3940,11423
131,817,49,1894,1903,1906,1906,932,1028,1122,1874,2649,4861,16402
59,447,73,2172,2299,2324,2324,869,979,1086,1942,2823,5189,19683
42,267,53,1360,1405,1417,1417,598,677,760,1336,2037,4375,17044
32,170,37,789,843,859,859,334,365,396,621,884,1797,7408
22,118,30,630,651,653,653,240,257,274,405,550,1226,3559
16,72,21,518,558,562,562,156,169,182,275,379,939,2191
28,96,19,406,455,455,455,116,126,136,219,302,776,1470
16,40,12,227,346,354,354,105,118,132,231,334,834,1631
41,163,16,307,344,336,336,161,179,195,342,477,1094,2070
78,360,14,1078,1098,1074,1074,227,244,261,402,555,1272,2261
168,1080,35,2035,2245,2152,2152,1469,1627,1762,3125,4182,5383,6937
84,621,26,4424,4692,4754,4754,856,961,1084,1774,2867,5189,14345
95,471,22,1583,1650,1675,1675,722,788,852,1357,1868,3353,13350
36,200,13,835,917,947,947,315,347,381,611,901,2117,11383
29,139,10,516,557,563,563,233,249,266,387,524,1272,5216
31,132,7,470,486,486,486,165,178,192,285,392,970,2708
20,87,7,382,417,416,416,115,124,133,206,285,699,1600
11,58,7,386,432,435,435,140,149,157,221,286,643,1091
12,52,5,313,390,388,388,94,104,114,190,267,625,1133
13,81,6,354,434,435,435,154,165,175,272,368,804,1378
50,296,15,704,667,631,631,387,405,420,581,723,1293,2272
167,655,27,1989,1889,1844,1844,439,474,511,767,1057,1818,4272
71,366,20,1210,1386,1430,1430,347,375,402,635,852,1750,6007
58,380,37,1638,1610,1585,1585,734,809,879,1485,2091,4622,15312
52,249,29,1025,1143,1185,1185,534,590,645,1092,1548,3814,19094
37,166,22,848,891,899,899,471,548,627,1196,1837,3882,16999
30,183,17,518,539,541,541,260,284,309,477,680,1584,8459
24,101,11,464,500,505,505,158,170,184,275,383,997,3747
19,51,10,376,412,413,413,109,119,129,200,279,725,2011
13,38,8,344,396,395,395,91,99,106,164,228,636,1482
10,27,6,257,340,343,343,98,103,108,150,194,527,1106
10,28,4,207,283,284,284,123,128,132,180,218,583,1082
25,192,14,575,541,508,508,243,272,300,540,764,1315,2377
124,657,35,2091,1978,1921,1921,812,881,947,1486,2040,3018,6231
78,546,32,1667,1845,1891,1891,602,651,696,1107,1497,2826,9436
131,648,43,2221,2232,2188,2188,921,1121,1316,2864,4396,7421,22277
158,724,36,2654,2658,2654,2654,964,1122,1279,2507,3782,7830,25056
62,251,34,1608,1816,1870,1870,724,858,996,2029,3238,7036,26272
42,145,21,743,800,825,825,329,369,411,709,1064,2270,11145
36,118,16,543,554,558,558,229,251,274,438,624,1363,4428
32,77,14,478,488,489,489,168,183,198,310,435,982,2463
35,70,12,425,444,442,442,130,142,155,249,351,864,1739
36,66,11,391,424,429,429,115,123,131,194,262,707,1359
44,160,14,447,473,470,470,194,209,222,345,455,1059,1587
88,727,39,1467,1312,1241,1241,510,546,577,872,1119,1933,3547
85,669,38,2792,2952,2967,2967,766,827,886,1371,1904,3657,9698
69,459,30,1662,1750,1786,1786,408,450,494,801,1138,2392,9180
77,564,26,1277,1236,1207,1207,508,554,597,986,1352,2954,11266
89,912,47,2043,2085,2075,2075,870,983,1087,1983,2816,5381,19200
60,460,60,2121,2153,2156,2156,935,1040,1153,1945,2895,6254,23779
42,350,41,1286,1370,1398,1398,416,458,502,813,1185,2594,12481
33,215,29,729,796,814,814,256,277,298,449,625,1410,5211
31,164,23,622,625,623,623,184,197,210,303,409,1002,2841
31,124,19,514,536,541,541,139,149,160,232,312,788,1793
26,74,16,404,432,436,436,93,105,116,204,295,685,1367
31,85,13,301,334,337,338,114,126,138,234,333,930,1743
47,226,13,462,439,425,425,188,206,222,368,502,1136,2234
107,712,22,1741,1631,1583,1583,279,303,326,510,707,1465,3439
226,982,28,1911,1937,1937,1945,784,848,900,1437,1783,3090,7295
313,1747,51,4120,4040,4040,3939,1369,1476,1582,2467,3492,5929,16003
277,1651,88,4728,4729,4729,4712,1804,2024,2230,3965,5543,8793,27943
134,651,79,3898,4072,4072,4152,1188,1419,1660,3379,5395,8521,27532
78,384,58,1823,1904,1904,1946,599,671,746,1275,1965,3964,17215
58,285,43,1134,1156,1156,1165,383,417,451,700,990,1999,7077
45,222,34,916,927,927,931,273,292,313,460,627,1295,3296
39,178,27,783,792,792,796,202,216,230,335,451,973,2016
34,126,21,666,674,674,677,142,154,165,249,343,801,1463
37,151,26,585,560,560,549,177,186,192,279,341,774,1377
75,290,32,1473,1428,1428,1412,412,447,481,754,1036,2062,3762
120,585,32,1553,1548,1548,1536,387,420,450,705,949,1999,4176
