bhsf,bhtoc
13896.388591247744,13196.771449003256
13289.166274990084,17116.03774820085
18915.061952026863,29357.75671270494
20588.770253644852,25086.115179384728
14085.435063227425,11364.197448949966
7101.674997340149,6885.195591384909
5464.1147226186695,4878.580384089118
4715.986816375737,3560.6672231191374
4189.589407169274,2972.7251246554906
3946.532564757141,3521.3913320254387
5481.459917574902,6260.904566555608
6112.416536700788,7428.109321590752
10999.842692875867,11805.853134844123
13386.45353158329,16524.626774567583
9534.51594690418,15417.945008973944
5975.919135837491,10595.677997527277
4172.157143412992,6334.674305516652
3765.022749970164,4247.142099056764
3401.2007973641776,2848.7976561191804
2884.9727915105636,1859.749387878112
2613.3378234739303,1790.2041598588055
2776.537509476798,2733.947495458538
5234.355798097515,4969.697272126047
10242.79884973819,7977.798316580542
14415.579158652848,12422.4957508209
16487.366085739573,15638.465758763616
10018.95499305108,15118.51820675766
7980.832324150828,15012.508171974256
5696.911521120436,8871.542282202106
3951.9151155680183,4737.142946443489
3631.3232928576244,3009.214231298858
3139.728905451141,2151.905898819319
2671.9903377888754,1792.0318554447588
3136.5454926883203,2185.8054054085787
5135.011010643091,5874.542496598544
9062.078209933168,11318.536325584322
16899.753985404084,15201.686877348435
13489.069797453241,14966.291174690223
7810.938410802271,15800.0898595314
4820.362451366908,13748.566070080316
5112.081786057403,8998.008470378989
3436.1987634900524,4615.310895118667
2878.5100234687397,2918.084614837482
2598.2618465537025,2040.2235908781863
2872.9441387843053,1613.6426556853341
2845.6294949983785,1863.771332308952
2670.573026734989,3287.052331884176
4591.862127931245,7252.15557694507
12200.989588281514,15834.47769243386
16414.086201302904,23140.173724615735
16873.872296626414,23857.19635074477
13269.931603728452,26851.156149121172
12144.283152062022,16634.29435156866
5990.739409478356,8885.356314471032
4575.387906587926,5338.348556145866
3674.7858604402327,4050.928169584117
3108.1984786100584,3179.623934780327
3094.00609672919,3674.39783036371
3496.8265046961023,5962.317066370075
6688.346076342712,10361.108248330067
8034.614094918588,11436.228144613066
7411.771019874234,15938.353693706347
11788.763345961317,20894.992616243893
8546.807911399006,18247.29533199001
6232.030472389308,11372.736137640748
3840.2177216543464,5747.668870912519
3184.1601163679043,3736.388533771474
2731.6608110126544,2734.3548284022127
2519.0394913009454,2191.0463575047274
2820.6592217034377,2447.9417856793384
4277.5916101773255,4073.8696550216982
7522.833917777101,6743.639501375197
13095.414986376905,9634.554572981348
16134.498785804773,12891.309295122015
13291.863867120763,13556.566069876439
9421.684404461701,13833.551334214257
6965.875898007413,9141.191291799534
4304.66182623764,4553.189473461389
3597.848838534509,2904.3659122860654
3013.5892004699404,1965.8393183683527
2630.5537589078713,1133.7675187475375
2644.3651900095383,2633.9634736840508
6372.435967170206,6243.717933123849
13346.725900647649,13092.991529108313
17732.399858832643,15550.02693465183
13372.134123418626,15062.900845992262
11494.978774909425,15102.589042141488
7134.832443135708,13081.176084305493
5009.332819379393,7783.545785394636
4152.714894361167,4289.822164034567
3398.523717732258,2801.2526325558574
2999.7905043403425,1984.9641505170327
2801.9962538373866,1541.8245602854452
2670.5629402919017,1926.0757693808262
4056.4381223935557,3110.5692404922215
8886.257808326765,7068.736224271689
15137.564214794467,12870.148533883008
17095.218934420496,16202.897167432095
15547.596289389268,12620.17470471389
6522.441746931898,11568.895819286796
4814.980615515307,7017.505497694025
3796.585787798098,3960.3405933612116
3261.587515923301,3025.813972510377
3026.0598558221304,2134.4220534499764
2753.457853235383,1926.2239548807315
3645.738548310688,3696.219807189692
3056.642330579981,5871.670622203686
4940.20182449415,7087.189678781026
9248.719421956528,13732.721260746115
13892.393533573424,26609.464428770138
18459.354034635988,33569.33375016486
14029.8474556665,22812.077295821815
6035.310569977428,12019.439642600733
4267.658758490208,7263.2334366306695
3477.468415391483,5028.568975207552
3103.4035868850756,3857.9986039861924
2550.985420286364,3493.1025730708
2721.540882785711,3847.1278120066254
5380.217306885868,6812.334695281251
12105.961225203933,11020.239109430619
14285.320505519026,14157.286153804409
13821.633587211993,15213.216375600889
13634.13684213956,16900.276436323657
13939.27604819316,16962.541295320912
8978.793916415734,8728.08267291511
4914.594515685896,4699.227153110343
4130.288818353463,3246.9742177801586
3710.9268911551576,2438.527508026288
2983.706017416728,1958.4904418981025
3196.478615785663,3281.2359562521406
4687.065507163161,6465.365214019389
6946.310542313429,9479.585492178285
13023.075142685237,13510.893371161113
13672.40002723369,20152.90608573178
14964.801940176802,23742.96922917314
10701.395503912147,16472.043611219942
6882.909624287015,9774.74348932409
4549.6620907083525,5569.151890787861
3801.1731547471336,3649.1784111581774
3257.4927141766825,2627.5024394638453
2970.754954776089,3061.528068500592
3767.092908825284,4571.16466866098
6028.261103431079,6970.151647353132
14961.257454622344,15755.143374307952
18943.4989531646,31482.463335608656
26290.440049951445,33738.9886712123
24812.876966001873,29163.517061223934
15821.69093999209,23592.63916433515
8757.211074743942,13608.468792392385
6250.61531075641,7271.984262744181
5241.90185839779,5136.329250598693
4464.476529509521,3933.7699309256764
3837.588752262126,2887.114827623205
3930.9126464482406,4200.27991394017
6123.213581385,8014.574599887714
14765.11749818573,15350.559473910893
17984.39712646783,15274.469961951996
14842.551880189207,17298.712178743597
14853.174715898436,16963.222401235893
11393.17547604554,14775.665267405435
7583.709568052486,7940.172486601875
5090.117368607758,4728.816155343846
4288.896616998729,3226.3301733423687
3716.303474799836,2318.898165470467
3217.246698893754,1651.2266369494819
2809.1700999464656,2213.4941059561506
4758.790061253039,4490.62593561153
10609.418526378922,10167.729714641817
16382.891364750743,24181.009205565115
20215.57245268493,28559.92483111035
23347.282072089885,28211.138646153748
21613.92248075168,28863.032800638164
25180.597045394905,19081.684897583826
12700.835638132856,11083.959803115655
7624.262071694493,6336.469251476264
6073.761803671801,4592.579418440602
4990.14244559784,3636.528754058301
5360.199794123986,5897.948298597417
8968.217496170375,10861.120439967055
15968.909362551658,18409.94490381138
20529.38949582541,21545.025522055283
30046.831564229524,18335.060446352913
13813.26205471675,16410.81119577594
15899.206985169465,14205.878058148835
10856.019734133137,8723.386852024409
7231.734224599897,5594.97076377988
5832.976249897474,3534.0095832661873
5008.745687621014,2440.379324498832
4306.822639417221,2000.5612622984904
4408.478242708085,1834.6244976063078
5834.369562592873,3621.327667465202
10972.31101282463,5354.871368762144
10996.43706099294,9664.582234992471
14728.518174856079,15262.2331654228
18000.776442319893,23330.01689603238
22460.166697310764,23867.77348112369
13768.024270795124,11763.349840681412
6929.981558681822,6189.250386324939
5632.676552836045,4197.71710073069
4783.248552233304,3658.6825428543452
4619.5913404438215,2984.7153295370135
4199.654078165767,3590.4410310829403
8765.7281638189,7262.300409747467
12303.865614114437,11016.56480397196
17797.517864976486,14561.95302220463
13515.924542691022,13949.07538194166
16110.888180866015,17382.65578946548
12225.204806734348,15598.326987464297
6528.414319902014,7970.328575037402
5331.764729129998,4503.792164991066
4571.891237046297,3109.8221648224326
3937.0753623992196,2224.2377035442637
3442.244091774218,1916.8655551913753
3585.598998352387,2282.973636734241
4323.577908085339,3802.3484572699913
14080.21032031194,18056.85318129596
21712.173985747002,19604.07622539013
27170.392115917162,23974.05836180483
36651.51136390243,19549.950517732177
22713.714053231142,15144.249916958948
10516.331396532565,9140.21546766666
7665.333011233654,5024.970103575882
6299.5180618919785,2992.725234187965
5308.930228544352,2083.0129062502047
4507.278763274422,1517.4978385516458
4129.823357651476,1770.6050900962714
8126.3997948682645,3774.6453278825184
8584.67386086161,6064.367000952884
13296.441442687134,6574.112871776864
13468.89125806264,8018.145238398221
10630.11428009589,12728.138432047508
11304.217249872745,12517.627859816257
7911.019180723342,8529.055883056759
5101.018104925193,4016.5075472118046
4396.747468358331,2536.119491104518
3806.558646154798,1943.528407518201
3148.4903124361354,1598.8746746214717
3625.2597863319716,1997.6916529816567
5678.138671324412,3730.3565945490845
11899.812972903608,5852.822466799923
12690.236348538845,8720.17804592313
12220.23886703025,10247.881816180025
13790.478966131765,10685.402693417745
14288.876495957542,12889.62908772077
7974.435727714372,8073.855399437142
5446.407254352206,4703.447216565357
4372.831918314632,2781.842750289352
3730.320005965337,1927.8772436199413
3231.6875121474814,1535.6690989244114
2969.2740014559813,1484.584853609002
2816.2759864737673,1627.3679870283893
4250.845456328512,4496.079279164098
9477.143013656892,6696.931406147002
13554.344810014794,6288.153085298836
17363.612039588446,15165.681864754086
20254.619903449253,12276.29156287355
10390.281723484197,8686.808567520191
5801.629255045276,4018.276169719335
4726.0405652212885,2387.380688535031
3856.5836948558817,1643.7480947993456
3409.6362201328384,1395.2200311926965
3385.9599055282097,1343.834337446971
4639.12795749506,2267.0091685999014
9768.923989998828,7085.046227428091
11196.277940400643,7829.4731476749685
5221.686033215501,5991.1321957783775
7681.30676557408,8373.379974411377
11099.44478941293,9805.362582551103
6038.0667949291665,5891.132732100541
3869.560540833805,2871.0430343561766
3228.366523352986,1837.2996688906917
2835.430832450721,1402.3380619872744
2509.2800483663414,1296.950946357244
3095.9457858508904,2343.7834079347754
4343.992502511663,3450.669853929534
8763.340731934233,7154.993582212628
13491.446852885583,10126.198382024852
7965.0232724116195,13226.165391765731
8868.555616672442,11171.40009247723
7218.118630321122,11827.030875903183
4267.243943149714,7439.913581405272
3603.031890413072,4183.461222522629
2859.7021884962114,2579.0938952614906
2497.4780112184476,1635.526745426433
2098.10969067777,1222.0749197187015
1874.6143706994685,1042.369242882391
2485.753229251043,2013.9413757505956
9518.11768671454,7967.9796330361405
7715.835987017406,8194.745407553315
11737.368367547204,11568.153798449719
6602.754343274667,9861.101816288932
7577.516869765084,10764.670899943008
4564.701621913403,6362.55434303871
3132.8129807944997,3503.6383262293552
2636.1700681041693,2220.2217173684526
2301.858978146061,1623.2831541509347
1988.7491942781726,1359.4957259909766
1904.7824771794367,1668.984120703506
5319.581603888554,3272.7550678909256
9352.611114873273,7440.055323644281
15293.59812249197,10658.917656706206
7590.685462082307,7930.016999542012
12727.40339967195,14247.62058405604
8438.448363120879,11066.671535357935
5030.238948040121,8277.724155686885
4790.865484641698,4752.849281541055
4002.2715083751186,2962.467401562487
3113.2740347377085,2217.6780615205985
2666.269746020451,1844.8618326688102
2435.0201727920057,1935.0228347105628
3728.344843211711,7611.374054458674
10605.85246595744,16500.929723019908
17107.40492680898,25542.27951394829
20600.07855594738,23823.21317188886
21328.939858469967,31306.134578354413
23498.040928337054,33886.03438662113
18238.036765154586,16239.345108590329
8505.49751377274,9001.636317039724
5944.1602195066935,5217.197385403995
4851.62092391917,3751.9338580929925
4010.232640514184,3035.561793065238
4361.064199259019,3145.9146910229856
4099.961429980041,3271.7700325806754
12158.209809645734,7037.147600726491
11287.006077519418,11252.69605438114
14585.594095435155,19898.414932910022
10718.944434626508,17470.087296544167
9092.898516687561,19527.107992150926
7232.313785286764,12943.594492200376
4964.435393624255,6655.738061737387
4088.1515190170576,3714.103901819173
4128.046548505993,2606.756259107902
3211.9278611996638,2111.181824732308
4153.365348864189,2448.7200868319924
5425.705085080652,3125.1164658680245
4736.3287627910395,4884.068439864042
10353.68148016392,20214.121850580425
11058.242376505848,19993.035403144968
9863.14181049891,19310.46834769598
8553.530350265173,15568.215098520406
4086.95039228631,8929.883778147856
3299.4295309760746,5058.895204959183
2944.800478337648,3275.258947818929
2614.5894879901043,2252.159915477718
2358.811758641339,1676.2953510423733
2391.5268908742696,1903.1488951547583
4500.495148186843,3445.641707068785
7527.9541118017505,4473.832851410392
9483.115402454767,10419.684322876326
16276.802340844206,19624.723485869406
24954.413124578532,24574.232836265255
20314.676633190233,19500.996892765448
7562.0027533768525,10369.373714508933
5232.136485308409,6001.03765207077
4026.6091130784025,3657.6471314340943
3345.8229267679385,2419.291484132974
2861.8290657991556,1775.8226917517845
2601.837653092831,1868.2389779477094
3044.4537017581442,3452.111829075513
11079.420158439263,8077.239674481214
16350.269858478801,13574.211596517065
22361.596153270904,19130.92373556921
19091.33918593009,17936.48391177794
10893.402374804897,12879.495701953192
6870.662393146767,8382.5590197207
5161.108909366151,4344.753008921855
4066.1283780630447,2644.3421068685716
3451.6529994249113,2036.1775461899797
2905.5247810914916,1595.5968484140033
2517.435031122256,1431.551242074721
3046.0362743444884,1884.2644919455372
4474.859962449438,3611.045300242655
10022.47180172694,6713.7963563552485
15556.124768306556,11054.686252425374
13102.939432051495,13898.178671416395
9948.891261486478,10986.234171436909
5871.206415384293,6767.428503057972
4351.166916967766,3238.282001922097
3643.5466192048125,2156.4058430593145
3005.5422933104537,1689.217811078576
2434.750664372862,1522.3132136984873
3188.3832011405857,1967.2863548127114
5414.7806999873155,2951.0998279032115
8606.742096806885,7129.064786709733
16115.52001505413,12296.91003049637
19064.966142181573,14573.94584706448
11022.114411279137,12829.907533683274
5029.391944284544,9056.11676758503
4148.354512776022,7225.474100615812
3264.9183898824313,3825.446870290015
2872.356501539489,2729.9118877352644
2615.625946503217,2070.0694222197676
2316.08346172908,1602.6759469604879
2094.9835009318663,1392.6642356284067
2504.093309456074,2182.147899585745
3335.563431945874,3017.7467637542013
9706.425751160132,15944.828417995466
22702.642909863065,23698.569564858764
16748.21091537721,18327.97088133548
8331.585151148354,14824.2949301944
4815.438488332404,9257.895970656247
3445.0161296392134,4757.016038309813
2964.68006379452,2943.898371465289
2703.139308979172,2130.0404399266386
2158.282786264646,1603.9647772190663
2464.657740034018,2597.949423902631
7457.926513727569,4986.874365693306
11915.92257813533,9105.491277372863
15167.342961123843,9677.416705847128
15059.693289326844,12340.007811031997
16206.448185274188,16313.833612617796
17605.97100947615,20226.960035651588
8916.3542485634,12749.129450377022
5474.822054704562,6022.353668262976
4398.416815120381,3485.752208048269
3720.0501439348945,2509.932570221353
3094.7383311563417,2004.5712359663448
3899.6826023890417,3129.1320040364
7381.92704881383,4965.5643606186995
11905.39233879876,8367.104248764002
12783.855383195223,10935.612427254371
17793.857444930734,22770.421985980996
19298.855042966738,20333.542357781684
13998.142198177899,15731.879009597
7890.217864784382,9214.020856164032
5686.661241743015,5205.795531209241
4533.374534366987,3264.17563208143
3999.623775046062,2377.445388491178
3436.4860767475852,1978.4011008869986
3439.8172628687716,2515.557572261746
5345.440328828599,3343.67251317418
7315.970339601101,5784.977332479743
14719.900714070944,8442.247462863292
13802.078327624244,11424.476795261875
12768.123409896563,14800.631240272744
12762.113339899806,15425.794467726344
8034.108047726908,9854.494195143181
4579.7756640694715,4921.705269959586
3828.782728480718,2952.2542984058446
3318.7750176251548,2143.366114345579
2847.51949359215,1754.5350371362865
2617.0935453777633,1828.7585019168255
4551.016779373812,3633.3029882519077
11026.793115909695,6182.737353812126
15665.54192619647,8834.031726535306
13860.68441805907,13108.165643053399
19006.949836750744,26196.24764199814
15626.773462158366,16890.57632667414
7114.720626370125,10321.317611678382
4805.796038828624,5202.447035319878
4162.524584662902,3156.854716128486
3774.7015473340425,2323.581958685033
3594.181898081961,2035.6315546380924
3533.2296626443085,2239.774642536492
4860.623471312678,4650.695065096434
12319.030113684032,13755.342492066917
9056.996080853554,10705.433025359776
11754.40307874599,15373.209182481507
12368.233883601697,17125.26489066019
7643.917723876696,12563.18160629082
4809.347549964033,7600.506665436194
3637.9702654689836,4006.57562881089
3207.651469097178,2709.660755721902
2846.942557276025,2004.307417735401
2435.784475011785,1753.3379289874742
2545.3356142700236,1922.3677742639934
6735.854769905869,4111.183648089809
14011.84557552683,9005.21523247218
17576.348557819467,16669.237478471565
18176.908525897852,18251.246096451086
14608.065714071987,23229.460826297935
7671.712524491976,15596.15093270903
5784.277103076352,9781.4961352362
4160.357282416476,4580.734980693482
3667.091441546946,3007.808126311741
3202.707627491076,2266.8414553770817
3081.836621410267,2004.7459299837774
4317.24202158163,2735.125770464432
7860.723954539084,5307.434896753013
8089.397604489101,4812.245688413894
4880.818893121706,4646.909757988753
4170.7950486657255,6133.174864731553
5005.562091542667,8245.37679971232
4792.044394500907,11251.597915386084
3511.856621602017,7132.342046596128
2562.6688499481097,3496.6875405425494
2349.5942724751258,2259.9150724743663
2116.7023316081027,1781.303607598722
2117.325743090709,1613.3821416023554
3096.909361319647,2323.23347406437
6375.401051899675,6072.6326367062875
17686.393341619205,9270.023574703722
15397.350081797682,8127.626399972355
8385.792760717486,10575.488473639678
9838.26965880323,14051.832173992538
8666.042406407058,13099.159676195086
5768.206558955473,6679.57485007504
3701.109098617957,3558.2067624826186
3260.9154042472182,2407.921238971856
3064.9374843935134,1954.1024731393659
2515.7151019475687,1718.0084964374885
3781.323515335328,2399.7990510882933
5624.611165242028,3527.0676695503266
11250.186028917266,8411.826726882668
13406.931498788366,11087.33426640269
11138.529992810192,10499.699128466267
10736.157417932085,15679.562113816693
13376.31526468733,18311.335913478215
6495.719687587337,10533.760933469748
4296.402120947627,5041.058312945828
3656.375111515038,3348.013912913714
2986.851072317837,2526.2771878134517
2454.361888021294,1932.6687672662438
3565.30730703281,3718.0884576331846
9163.928817744196,6173.266017788207
12711.659202965973,10017.92363603234
13444.229514294828,10499.16619538354
10444.48420959459,14897.927000556692
12242.116623434758,23649.140183623917
17544.87157151464,25347.695172892945
9664.92664129715,20208.982215638334
5137.120681618759,9364.171915549814
4084.469295923607,4741.108374498577
3602.9744350664373,3277.3237195003344
3161.3769586605927,2725.0059312591225
3084.4475333202017,3140.4552777009603
5174.554790806482,4551.811588562947
7024.436685427386,6759.525515435
12393.483580829507,9346.612484221978
11856.097146712296,15524.343191577052
8120.049298756802,14206.943217142698
6995.152215122329,17372.28136273732
6177.7665710823385,12655.910288224351
3680.1236168552578,5734.15622293268
3680.885205553952,3636.902938374139
2830.4793166371346,2569.844762759217
2358.7781986373234,2033.2078306854642
2634.8751916761375,2527.8197105117683
6482.359938540658,4266.03774944549
8084.32119326013,5406.658259750566
6007.838064658421,6481.6675717897715
5633.370370496166,10187.270717406413
6199.135831820445,12823.755598363146
5229.31695223754,11422.767879234965
3057.963693718929,7343.4293221259495
2957.2763418571903,4166.0719451641025
2351.723208011507,2667.9494855579887
2193.7443326239672,2030.1566524756706
2588.2362247280744,1931.3331418703958
4203.250108666978,3000.468464150434
5996.722795434142,5425.718943409954
13478.472681770108,9660.149165121227
14517.730343350064,13114.218069989107
17452.672319734214,24788.69685820544
6829.351194457942,16500.437082976558
6600.918948773242,15384.031846208134
5767.029584349031,13836.700732644236
3934.55639036536,6768.773220402636
3337.62048801344,3854.4066513771722
2751.1986773191975,2679.9699484007137
2615.559113735905,2265.1320546155666
3248.516356673117,3045.127071409054
3987.2312029899012,3946.254565798327
7983.373712706528,7608.51964012157
15980.624187153118,22049.52879024024
15168.764452641451,21167.600949630003
19159.039805394503,30618.222974899414
11878.469351350526,21343.000361051127
7902.36786781055,14687.720211574273
6485.606439312287,7837.566865429728
4467.188003277618,4574.077812932273
4241.222201449309,3354.699732957035
3463.142203753851,2661.196533772224
4160.362008955269,3040.7862743483784
5968.619435995466,3622.7070488087197
10849.62070302277,7269.331593593326
17445.212265965354,20612.648969366543
27419.25466159478,35759.76409035223
44988.227038639714,26820.754379148755
22692.71880919851,20049.04792799268
11042.627948389641,11843.050631836333
8060.487616334968,6073.969743070209
6553.573692605551,4029.632154121092
5703.212373041031,3131.5855248977114
5705.1701920366195,3193.8291568954164
5763.890091775251,3288.4660380677506
9214.152686367215,5055.258897378744
9669.816232679568,5846.20930298961
18107.224723162082,17525.083225002276
28255.713414504127,40096.87990987032
31560.848517683517,37067.59949471953
13777.838671105033,24255.588541315108
10638.742764971339,12307.109128877599
6942.3837470485905,6551.2870275284995
6412.048563529571,4488.976102801145
5451.385865932391,3449.882427273017
4829.127622352318,3063.7505510818933
5093.651972058545,3166.8924586610374
6479.752322226172,4987.666639656221
13159.6470617821,12595.215634288377
17009.873980425902,20085.82028620072
15093.054004244012,17755.321948026845
13323.115639573913,17012.737235827626
17476.591395774667,20987.695736763282
8416.0300176126,10993.792723378685
5916.252083591105,6117.788229402999
4803.835741066592,4044.711377033403
4322.304597528119,3114.565240020837
3999.9437499461155,2585.3791004591367
5250.987210302089,3259.2189795597633
12138.783109861335,8045.946469964767
18028.978095556835,9742.350706584064
20150.47097603582,23759.607507504883
22943.7536752026,25517.026644701484
22127.556946711004,23223.408161038544
20487.852712997937,20066.15044117331
12169.833684544958,12240.392271639745
7912.5067476874665,6684.356748375028
6206.677993452729,4260.1352283785845
5203.618179416253,3250.5325121700052
4762.35398791206,2968.3171982510844
4940.281424801741,3464.3495040284724
4980.17135316044,3851.8445974800998
5649.460688329189,4213.126654596984
14664.447480860239,10550.551085700583
22816.218814724685,28851.704769992633
27787.55391877886,19296.183166195955
21159.23226245964,19145.333969982476
13949.48762979577,9463.805642539024
8181.88729908445,5223.482300756157
6284.964720383345,3564.473947810645
5653.878328820365,2836.304671216487
4484.834146917072,2460.22195780393
5885.938648495415,2910.292830566622
11246.746376823992,4511.9302820815965
17221.631610878252,9846.737070347534
19067.6388446422,10472.839870869206
9514.622069221632,9872.019053237414
8133.586790050208,11806.904720046177
11876.709099780524,16738.195063888117
6021.283928448629,10557.48430500723
4223.03341360894,4674.043870418011
3709.4333384647407,2956.5695254829657
3338.12363704528,2320.4801973885938
3991.0272889464213,2315.153635971622
4256.710559722211,2545.1302668352137
5240.6383624775035,3194.7434274568127
10955.698948003586,4397.779886272365
17133.083363187165,15430.796124197504
24090.592234979293,24081.627306377137
21772.175416399088,21227.62985504876
21153.212250781027,23159.83830201453
9576.57699809902,15543.697374967596
5915.000446714746,6929.152003106584
4740.289328359637,3960.4441663589405
4205.065472451428,2820.8924503780204
4080.023891692564,2275.23609882334
5124.036738464984,3297.0811251518817
6597.068142861324,5283.584322628445
10012.616554980861,12302.583473392999
17666.889922940063,24366.33239034021
22320.243238726227,20415.74816975914
15101.803126204266,20465.47495463675
7344.3605791878035,16847.018711588422
5421.199102240084,10885.459356202906
4046.414630398014,5424.684150594987
3765.4851603111756,3442.09000115055
3737.095411153002,2643.309691411768
3480.135302359467,2343.055770894291
2991.297396856731,3296.505535819934
3367.01243676136,3753.2156718911447
5501.172977188238,4935.4356554282385
9527.876038609927,7374.7667870153255
7953.620562321563,7684.515269034844
7768.80862877324,14394.559969245462
8816.134832276235,14133.901571170258
5315.613073037144,7199.867810051951
3596.7334401122607,3663.9497159863045
3276.421271459118,2438.6815417800735
2607.5020353123136,2006.3321249356986
2558.1500691879805,1761.48787416958
2873.6315973961855,2115.2596689188526
4109.241986177306,3367.4292163074383
10211.213095995425,9248.671741204851
15677.50764561474,11754.98390145563
11048.125273265128,13214.093249083748
13219.486105797256,21099.392585349553
10035.575172017945,17897.89955442712
6280.923721234428,11566.470644583736
3763.245902876751,5467.789227338063
3173.7676147938946,3318.828275929394
3191.983186982422,2504.396489450281
3064.298208098019,2053.801813715207
3165.240956885711,2542.24605728354
4898.052787322231,4189.9969639389
7329.427072372757,9871.561244647353
11008.235002234669,11366.096547000798
7767.162609978209,11917.64182670987
9153.573653384665,14607.25925745585
5603.13172081775,16086.568631722339
3941.129501823979,11926.469973493902
3092.3479265060078,5168.942244668502
3022.8085759365476,3305.4371307566457
2855.784784485265,2541.2516706889764
2668.665287757737,2268.6497569955277
2826.9355036827046,2488.227108351709
5058.0646400189125,5543.323423483471
17060.23314057994,23561.039687143824
26950.90800909661,28117.38024863704
12063.355502404438,17187.72017307814
9325.262812316629,20069.513695665948
6375.734997813444,14883.384779234568
4070.1621094053935,8769.813771802024
3189.933611689926,4848.112870896466
3268.3127267044997,3498.5927221511815
3021.5387672807456,2570.160291487091
3035.7585841512678,2649.672321627461
3321.6253229110744,2748.614817411458
4024.158238453238,3302.0618597944353
4613.332887029809,4640.817863269408
10058.194449330304,10341.706981297613
15658.414366390969,13415.789857670401
14246.09390898405,17274.672604076022
15591.842601708635,20290.58418470165
7671.176240433691,13422.649403037449
4609.059070342665,6343.419262131152
3693.8273640008647,3533.8851192768902
3353.69598469113,2751.5304314273553
3142.107265809672,2342.3718458017056
4060.445290873371,2468.2249834658683
5645.532790522476,3563.4708896874067
9385.865042497622,5872.894828003171
14195.24942173425,11210.228523726017
27061.366786490642,30526.223597141987
38509.265546539704,17213.737334089685
13104.299142935848,16195.048969165957
8596.547968623927,9834.451027929605
5609.819747979025,4975.200736493247
4484.509487005869,3277.7208119099455
4124.2979074683335,2589.2895968835423
4192.475411794636,2578.013919279955
5537.443137932616,3088.029705022121
11954.967253849325,5620.532245752132
14589.291904610052,14097.619709140261
17287.33622071649,13629.325806825222
13808.729946961621,14897.003161726507
12491.2465711172,14720.852794489361
7928.426574064561,12069.597863860865
5607.393652937024,7617.4992358515565
4298.044327356172,3947.832346037144
3722.130488116373,2748.163377779665
3567.450632006839,2223.3835944631287
3188.7131993094927,2122.1451227630873
3722.1773019797574,2516.357112535957
3878.7598195263463,2844.493514653554
5604.195820752938,5818.632717201227
15306.153316741023,13351.314182167975
14345.69195369041,15161.345616809844
14298.809051565644,23772.503315046968
14883.05113024446,19436.69512160646
6764.661857075554,10007.73828039414
4848.804976162682,5364.201292148518
4109.568369532216,3623.5213518783366
3347.4271085879527,2597.0590490339528
3339.678832464746,2127.3795117547406
2649.394340410254,2148.901850944763
2920.970626337964,3008.6002915902773
8943.030496665833,6692.342225434328
8784.67369024472,11320.92810759481
8980.367797952524,16789.810628740637
9242.671057069496,15681.15473031377
8051.33412901249,19256.670423934458
5400.039861077763,15510.890655299605
4158.9896098468,7929.884089472583
3224.4236196270185,3950.5469305115735
2836.1336441923295,2799.0761676198863
2268.5850722528958,2115.767337370098
2749.2026073156003,2249.3396764660756
4946.335124186389,3776.2333229898804
9257.858627740115,8957.542547482415
13647.676332083753,12140.640067850863
7013.512428389354,10021.607279868042
6433.497322566633,12612.984010975986
5578.321631437217,13196.004751342674
3923.7580768280886,9080.535093306411
3067.2393596640013,4336.201006080031
2567.0486190157844,2873.6366592425848
2016.975815449143,2188.910927325497
2010.8846166055682,1737.8273979496412
2370.7783971750514,2346.520294366717
4851.970121348782,4064.4404408999035
10089.925141624144,5227.818210328333
18185.450926983878,13118.908903884738
14745.016336211902,14500.065573642163
12601.15057012393,23856.377824862804
12984.382080204883,27173.984550051417
7649.710860209205,17256.569410024567
5240.947684841238,7663.410745771648
4019.9116154054936,4582.8164300708095
3624.700993250617,3107.328763905561
3172.62174383589,2692.9717695639656
3287.8689750353133,2752.9163733808964
3850.549355160821,3260.310853883179
9216.161250890302,5832.873652179842
10327.737041344866,8522.747738861592
9810.833521341205,11505.029815290873
9478.611725174549,13244.037280229633
4842.601641677616,8428.474863056423
3631.5054661508134,4925.857559621234
2892.5195243390854,2818.3644753786693
2469.0166188254198,2152.9029795051874
2283.9039614853837,1461.3906196778928
2027.9764376343642,1492.0702268212356
2077.7313539897814,1622.8105317186248
5467.034861290539,3834.018574026206
9206.245067707427,7057.264293766855
9184.704209247324,9187.904005434
5632.071801643429,8344.910773857036
11583.484436945231,13949.51462288054
7574.581065673568,9576.751133492638
3826.8989715783982,7390.884926896334
2670.8995979377432,3234.200721963203
2301.0119409309864,2182.9364435282323
1977.5985593466712,1596.1981485571614
2202.807900754328,1530.4214276870498
1768.7543955668834,1744.285778540158
4395.338864344394,4441.597802895989
9177.149553600551,10927.08623703784
12473.813955425174,18226.8996954773
15043.635575469227,19351.553721818862
13140.11427417066,23203.4480857019
10616.361175297487,17446.353973120218
5292.001534925779,10994.34238318262
3578.4325827347047,4604.967811528848
2784.202283518214,3141.5394410962444
2876.9638645381056,2359.586989057032
2706.806031379388,2217.4011170555655
2365.9144545498757,2106.7019418870004
4901.400838888817,4824.009748739381
10465.017216129747,11689.394084645395
10018.640044740834,10495.653469268858
5160.862379479733,10322.972011337155
5123.750177322248,14466.041453453128
3839.950553227546,13239.804707474177
2464.2134645179235,6746.800542223762
2414.2076888142797,3914.8254619346835
1945.6898982414796,2558.1592137338357
1801.5255633205393,1901.2401486376218
1898.0684227731508,1597.5812048011862
2134.1394013157815,2442.8586573486145
3390.6208674951163,4267.198505458609
6323.709847448603,8837.423686031647
14873.20737359269,24906.646801463696
13932.440155317025,20947.093314127513
10515.389573827544,15353.2397809088
6696.312880103589,14189.791312392888
3214.7465902035883,7162.66157102965
2588.5451438066707,3766.645386030255
2437.337194805522,2353.634350781251
1887.5608300991116,1644.6292718155646
1471.494667999172,1560.9177704152917
1896.7768518801868,1630.590728003569
2683.162804425795,2685.957173782216
5355.870341101031,4274.660529080761
12053.030009849474,9641.083330992404
13072.400554026632,12623.958589064801
7935.575548673683,15878.291258902505
7716.343146699555,17098.176676255487
4048.5840653263294,8817.505564466974
2885.3944842493433,4152.435835528346
2584.7241940451713,2433.5935211639667
2175.28785924539,1708.3478736579482
1979.7823109098335,1475.1950173887085
1461.3618163826295,1464.0084076289486
2393.2282777881883,2837.1263224571667
4695.482837259519,4020.658397051448
9018.669633137748,11073.092688966468
14483.41927293073,29334.135243019147
19498.358980488145,27515.414247176814
15464.888566166814,22955.2338766685
8348.83507400005,12009.696088351158
4439.664420573218,5184.304731705857
3823.785873980545,3210.4392889630944
2993.347195571958,2278.954478150659
2621.2341461915794,1858.6732739655388
2562.2709996650465,2052.995318752486
3016.7344946776693,2955.221064906397
5301.086002786549,4805.833522885907
11940.073890005615,8563.36697235434
14318.727056417792,15350.64944646493
14354.307368219495,21833.71897656986
12070.906172125597,16481.647102952662
6546.593047295457,10838.77926134364
4300.629988162028,4597.279684854414
3482.450886346034,2695.6328249446497
2869.3330692877644,1810.846598191989
2850.2640693998583,1423.9547551342025
2691.555883633634,1465.1803041738378
3993.1625160914,2648.257974997191
12568.281023612726,9305.205526779691
12868.303112532503,11850.211059192376
7015.569533544796,11280.167631207536
10366.2161706359,15381.46443974661
12355.456389020108,21934.192836847702
6672.245725959969,15766.025333113974
3830.106639272172,6058.92908932671
3144.919308440253,3083.900165766309
2944.770729723842,2061.9527581723423
2834.6204610936757,1761.4629934094658
3838.054348620189,2737.333388704102
7693.863874715022,4980.022492187814
11802.408340645787,6410.3534263239935
17397.317188833098,8473.707847300242
21006.719756791634,20288.983914304165
19894.38338361201,17726.76113822842
7588.73637003121,13268.75316516837
4506.587702980503,6989.05605767522
3764.436827464131,3363.4818142458544
2927.3997899495916,2182.027369800822
2880.5754863840866,1582.943148700687
2141.2654198579253,1271.3801548040965
1719.2056321753776,1248.8651917849213
1831.1483674091,1975.6756902849268
4544.052777576584,3940.370043690225
5887.224013474077,5523.892536310986
11739.505990322239,12436.797345463354
13331.713447579667,17791.19304279453
13934.506052949968,18334.00214123471
5795.520228513838,11576.080597880999
3345.1899181485605,4535.794573783519
2723.6394282832507,2520.0384607908068
2458.991163970585,1659.2933054694577
1982.2794452994417,1230.686508035633
2144.7891312214697,1207.6545456957363
2586.3749473504677,2572.8514913113586
6923.362715240155,8729.664555330004
15781.706328949462,10096.304871732407
14813.62465518577,12702.33479690588
10675.366509956886,13899.552587279006
12865.383111393103,17923.42507690256
7533.926595179367,19147.941277636965
4475.739004631727,8419.813385712094
3638.911717049476,3785.512051752156
2877.2545929387584,2296.773351203448
2982.1587860299564,2074.8203339174474
3948.0679511497283,3131.510022054137
7228.775691481627,5831.90370006973
7841.204088459062,8988.52965628055
10186.563607376018,14792.72497220566
5546.132185803532,12581.81786043949
7675.803442632416,13791.38100880003
8061.813014637151,15771.952632129185
3755.308232283004,6562.644751691142
3022.4170148700314,3301.4485020162024
2400.4150319666783,2139.9144542240424
1996.191135248346,1588.477193275974
1949.2580638982026,1265.6599321063609
2413.265582498605,1716.5517030324584
5059.753733211463,3884.6624608623033
9068.146537463072,7126.674949600045
13202.329343385649,15019.28006606202
9103.081444603542,15778.840783499447
11489.930963753226,23406.937505451562
14992.808331308734,19967.363185215687
5769.94707902265,12759.519908244096
3654.135719664017,5092.70967945135
3105.7423148153766,3128.8642076059773
2366.185128942117,1978.4630051877036
2126.1644864518375,1380.1296322754904
2667.87292370063,2396.970272707753
3708.315310931682,5098.705502004363
10289.4385251212,10201.689288270005
17534.288895861584,18774.12597801292
15333.330947864213,18767.219353723747
6393.463220012412,16516.061816735535
6331.130664677152,11080.595648897006
3698.5812939852985,5941.570847013258
3621.8311226553706,3701.495198309842
2718.899793251243,2373.7298281068306
2213.8245253142436,1481.444297019864
1910.9248939322056,1345.5935247318369
1621.211459377315,1602.7041986576478
4121.808202580634,3697.120588407782
6404.656821901324,6134.079428947265
4710.6153722085855,9700.202963549036
10444.332265232473,14133.715723881724
5290.094581000116,13250.866272174959
7967.275928535307,15472.357797671146
4336.258305362002,9718.296699372615
3297.628119675529,4664.1482851693545
2467.604888307988,2766.3253959537583
2179.6847342646415,1811.4580390397696
1768.1692127739489,1411.4304111585168
1960.7757509324165,1794.007900067188
2515.3133041114793,3019.293650286051
7628.780036344913,8436.555824643605
10432.800306689516,11684.685329568283
3879.285749097746,14310.919676760686
3710.6748386585095,19741.87908162925
5007.49124637856,17088.283227483957
3108.985225419818,10031.080747594988
2048.835703655365,4534.0030456782
2189.2436316847816,2626.0288367519806
2026.3956933705053,1720.9233286540998
1895.3894597880721,1469.041359729204
1468.141573842418,1491.4095032054308
2238.1282655506748,3055.184000482049
6087.672146739994,6636.689499152784
3765.7362802277576,6324.332804728514
4060.775895299851,8750.311397760779
5637.60318368389,11819.633912891188
6621.615896533689,13490.295045770072
4059.5502760224367,11206.317142246491
2462.659828869766,4967.462892206269
1880.7973595145722,2645.6677107623805
1593.103620975524,1699.135126528151
1310.3072585608086,1210.5650891152998
978.3475191005543,1300.4239097461693
1016.2640487738843,1727.8452823502741
3132.3051491461,1995.737815955279
6417.187011759495,8876.318338257006
13219.901651033897,10811.848714225482
4796.262319853573,9304.586966929717
2663.08246792041,6969.224181150179
1605.8351164884375,3449.22956829392
1397.2937424763634,1980.6901044675856
1182.117094044331,1248.4796449599019
1215.6957144791122,1027.3679240989115
1078.613922448133,962.7784524528945
1217.4431791843558,1261.5946612693217
1907.8477880422142,2341.044121692737
5437.324054807685,3674.134216514103
4040.8672925307555,4277.063497138681
4579.8240476723895,10653.842612018674
3348.3108544218326,11780.018159972742
2555.7865215855177,10795.522692073257
1580.0998883076172,5229.050480136707
1434.6126648288339,2482.5483096675594
1163.5199138710232,1445.0483795719567
1102.259593676448,1112.8062721767574
942.652601361337,899.7851159770631
781.0263674033594,951.3070345553837
1520.4401539898329,2191.782660423146
5658.374843818483,5945.209467360261
5389.55059223193,6898.1720735200715
6366.894281429224,16073.294445502184
7644.502795959572,17287.778423823875
5209.339302629942,17066.307432482226
2331.6445681087043,6983.480360812562
1603.6446290899303,3120.3434233877933
1397.1667425573307,1887.227071456766
1263.6699619865326,1406.2556573036
1217.9465165378497,1120.5222024745804
1378.9407151508617,1523.8618856589183
3835.1120952618567,3490.0241716286955
8416.57977398391,7641.359589936763
5088.878688126151,6204.067806117899
3606.87942897207,7609.924679736763
6120.507917770902,13301.03197777601
6179.881711623957,15848.941237080055
4000.9341750871263,7903.250016502591
2339.749880360984,3558.950809218886
1813.7326228012475,2090.777939558634
1559.585939338153,1413.5035412505615
1246.5577123050853,1102.1967846296457
977.0508840180084,1388.195383359508
1296.798117741168,1871.9042233867845
4720.918311106175,2772.234835022978
5787.349182170812,6345.9894892058055
11797.645658013282,12907.627500877557
13770.110344758126,21107.345159944638
11609.445767143516,19749.326075737852
5501.342952699251,11166.435951712563
3362.906417309695,4972.779258630323
2690.9555522716837,2618.3929062139055
2292.3665086124106,1726.2263953467216
1937.9709025742854,1272.5433029000606
1635.7421114472218,1281.0827998847194
4084.3034171311347,3421.1151430931677
4532.565664179061,3534.538415227373
